,Address,Sold Price,Sold Date,Styles,Realty Company
0,"1212 White Birch Ln, Carlisle, PA 17013","$332,000",Sold 04/03/2023,"2 bds2 ba2,229 sqft",HOWARD HANNA COMPANY-CARLISLE
1,"1 Over Vw, Carlisle, PA 17013","$420,500",Sold 04/03/2023,"4 bds4 ba2,130 sqft",KELLER WILLIAMS OF CENTRAL PA
2,"64 E Louther St, Carlisle, PA 17013","$215,000",Sold 03/31/2023,"2 bds3 ba2,080 sqft",KELLER WILLIAMS OF CENTRAL PA
3,"459 N Pitt St, Carlisle, PA 17013","$111,000",Sold 03/31/2023,"2 bds1 ba1,026 sqft",BERKSHIRE HATHAWAY HOMESERVICES HOMESALE REALTY
4,"928 W North St, Carlisle, PA 17013","$357,490",Sold 03/30/2023,"3 bds3 ba1,698 sqft",RE/MAX 1ST ADVANTAGE
5,"156-156 S Hanover St #158, Carlisle, PA 17013","$355,000",Sold 03/30/2023,4 bds-- ba-- sqft,IRON VALLEY REAL ESTATE OF CENTRAL PA
6,"141 Fern Ave, Carlisle, PA 17013","$120,000",Sold 03/29/2023,"3 bds1 ba1,452 sqft",COLDWELL BANKER REALTY
7,"372 W South St, Carlisle, PA 17013","$175,000",Sold 03/27/2023,"3 bds1.5 ba1,914 sqft",
8,"425 Walnut Bottom Rd, Carlisle, PA 17013","$179,000",Sold 03/27/2023,"3 bds1 ba1,144 sqft",
9,"35 Partridge Cir, Carlisle, PA 17013","$183,000",Accepts Zillow applications,"2 bds2 ba1,188 sqft",DREAM HOME REALTY
10,"2761 Spring Rd, Carlisle, PA 17013","$155,000",Sold 03/24/2023,"2 bds1 ba1,824 sqft","LONG & FOSTER REAL ESTATE, INC."
11,"1861 Douglas Dr, Carlisle, PA 17013","$202,500",Sold 03/24/2023,"3 bds2 ba1,408 sqft",KELLER WILLIAMS OF CENTRAL PA
12,"125 E North St, Carlisle, PA 17013","$177,000",Sold 03/22/2023,"2 bds2 ba1,365 sqft",CENTURY 21 A BETTER WAY
13,"318 Bolton Ave, Carlisle, PA 17013","$150,000",Sold 03/22/2023,"3 bds1 ba1,040 sqft",
14,"32 W Baltimore St, Carlisle, PA 17013","$168,000",Sold 03/21/2023,"3 bds2 ba1,132 sqft",COLDWELL BANKER REALTY
15,"223 S Hanover St, Carlisle, PA 17013","$430,000",Sold 03/17/2023,"5 bds4 ba2,772 sqft",HOWARD HANNA COMPANY-CARLISLE
16,"4 Parkview Dr, Carlisle, PA 17013","$1,815",Sold 03/17/2023,"3 bds3 ba1,252 sqft",KOVO REALTY
17,"4 Skip Ln, Carlisle, PA 17013","$250,000",Sold 03/17/2023,"3 bds3 ba1,738 sqft","BUILDER REALTY, LLC"
18,"LOT No #41-25, Carlisle, PA 17013","$557,000",Sold 03/17/2023,"5 bds3 ba2,502 sqft",KELLER WILLIAMS OF CENTRAL PA
19,"13 Smokehouse Rd, Carlisle, PA 17013","$342,500",Sold 03/17/2023,"4 bds3 ba1,968 sqft",IRON VALLEY REAL ESTATE OF CENTRAL PA
20,"1000 Dale Pl, Carlisle, PA 17013","$180,000",Sold 03/16/2023,"9 bds4.5 ba4,536 sqft",
21,"339 C St, Carlisle, PA 17013","$120,000",Sold 03/16/2023,"3 bds1.5 ba1,640 sqft",
22,"38 E Penn St, Carlisle, PA 17013","$100,000",Sold 03/15/2023,"3 bds2 ba1,880 sqft",
23,"15 Court Ln, Carlisle, PA 17013","$160,000",Sold 03/15/2023,"2 bds2 ba1,232 sqft",BERKSHIRE HATHAWAY HOMESERVICES HOMESALE REALTY
24,"246 S College St, Carlisle, PA 17013","$483,000",Sold 03/14/2023,"4 bds3 ba2,724 sqft",KELLER WILLIAMS OF CENTRAL PA
25,"135 Darr Ave, Carlisle, PA 17013","$239,900",Sold 03/10/2023,"3 bds1 ba1,189 sqft","RIGHT MOVE REALTY, LLC"
26,"1829 Basin Hill Blvd, Carlisle, PA 17013","$290,000",Sold 03/10/2023,"3 bds2 ba2,190 sqft",IRON VALLEY REAL ESTATE OF CENTRAL PA
27,"225 Abrams Ave, Carlisle, PA 17013","$220,501",Sold 03/10/2023,"2 bds3 ba1,312 sqft",NEXTHOME CAPITAL REALTY
28,"944 W North St #61, Carlisle, PA 17013","$359,990",Sold 03/10/2023,"3 bds3 ba1,819 sqft",RE/MAX 1ST ADVANTAGE
29,"55 West Vw, Carlisle, PA 17013","$451,000",Sold 03/09/2023,"5 bds3 ba2,418 sqft",
30,"147 E North St, Carlisle, PA 17013","$91,000",Sold 03/07/2023,"2 bds2 ba1,762 sqft",
31,"1010 Armstrong Rd, Carlisle, PA 17013","$390,000",Sold 03/06/2023,"4 bds3 ba2,700 sqft",IRON VALLEY REAL ESTATE OF CENTRAL PA
32,"55 View, Carlisle, PA 17013","$451,000",Sold 03/06/2023,"5 bds3 ba2,418 sqft",IRON VALLEY REAL ESTATE OF CENTRAL PA
33,"138 N East St, Carlisle, PA 17013","$30,000",Sold 03/02/2023,"3 bds1 ba1,176 sqft",
34,"1832 Mary Ln, Carlisle, PA 17013","$183,000",Sold 03/02/2023,"3 bds2 ba1,620 sqft",HOWARD HANNA COMPANY-CARLISLE
35,"14 Skip Ln, Carlisle, PA 17013","$250,000",Sold 03/02/2023,"3 bds3 ba1,738 sqft","BUILDER REALTY, LLC"
36,"102 Spruce St, Carlisle, PA 17013","$170,000",Accepts Zillow applications,"3 bds2 ba1,428 sqft",KELLER WILLIAMS OF CENTRAL PA
37,"136 E Penn St, Carlisle, PA 17013","$100,000",Sold 03/01/2023,"2 bds1 ba1,268 sqft",
38,"201 York Rd, Carlisle, PA 17013","$98,000",Sold 03/01/2023,2 bds1 ba900 sqft,BERKSHIRE HATHAWAY HOMESERVICES HOMESALE REALTY
39,"139 S East St, Carlisle, PA 17013","$155,000",Sold 02/28/2023,"3 bds2 ba1,272 sqft",COLDWELL BANKER REALTY
40,"1153 Belvedere St, Carlisle, PA 17013","$161,000",Sold 02/28/2023,"3 bds2 ba1,200 sqft","STERLING PROPERTY MANAGEMENT, INC.."
41,"1155 Belvedere St, Carlisle, PA 17013","$162,000",Sold 02/28/2023,"3 bds2 ba1,200 sqft","STERLING PROPERTY MANAGEMENT, INC.."
42,"1303 N Pitt St, Carlisle, PA 17013","$225,000",Sold 02/28/2023,"3 bds1 ba1,160 sqft",
43,"233 F St, Carlisle, PA 17013","$95,000",Sold 02/28/2023,"3 bds1 ba1,072 sqft",
44,"418 Dogwood Ct, Carlisle, PA 17013","$175,000",Sold 02/28/2023,"3 bds2 ba1,890 sqft",BERKSHIRE HATHAWAY HOMESERVICES HOMESALE REALTY
45,"1153 & 1155 Belvedere St, Carlisle, PA 17013","$323,000",Sold 02/28/2023,"6 bds-- ba2,400 sqft","STERLING PROPERTY MANAGEMENT, INC.."
46,"78 Bennington Way, Carlisle, PA 17013","$469,990",Sold 02/28/2023,"4 bds3 ba2,957 sqft",KELLER WILLIAMS OF CENTRAL PA
47,"8 Skip Ln, Carlisle, PA 17013","$250,000",Sold 02/28/2023,"3 bds3 ba1,738 sqft","BUILDER REALTY, LLC"
48,"124 Parker St, Carlisle, PA 17013","$317,000",Sold 02/27/2023,"3 bds3 ba1,654 sqft",KELLER WILLIAMS OF CENTRAL PA
49,"217 Wilson St, Carlisle, PA 17013","$780,000",Sold 02/27/2023,-- bds-- ba-- sqft,
50,"12 Skip Ln, Carlisle, PA 17013","$250,000",Sold 02/24/2023,"3 bds3 ba1,738 sqft","BUILDER REALTY, LLC"
51,"2 Skip Ln, Carlisle, PA 17013","$250,000",Sold 02/24/2023,"3 bds3 ba1,738 sqft","BUILDER REALTY, LLC"
52,"6 Skip Ln, Carlisle, PA 17013","$250,000",Sold 02/24/2023,"3 bds3 ba1,738 sqft","BUILDER REALTY, LLC"
53,"10 Skip Ln, Carlisle, PA 17013","$250,000",Sold 02/24/2023,"3 bds3 ba1,738 sqft","BUILDER REALTY, LLC"
54,"16 Skip Ln, Carlisle, PA 17013","$250,000",Sold 02/24/2023,"3 bds3 ba1,738 sqft","BUILDER REALTY, LLC"
55,"205 Wilson St, Carlisle, PA 17013","$780,000",Sold 02/23/2023,"5 bds4 ba3,287 sqft",RE/MAX 1ST ADVANTAGE
56,"5 Terrace Vw, Carlisle, PA 17013","$539,900",Sold 02/21/2023,"4 bds3 ba2,873 sqft",KELLER WILLIAMS OF CENTRAL PA
57,"262 McKnight St, Carlisle, PA 17013","$145,000",Sold 02/17/2023,"3 bds1 ba1,120 sqft",
58,"585 G St, Carlisle, PA 17013","$230,000",Sold 02/17/2023,"3 bds1 ba1,107 sqft",KELLER WILLIAMS OF CENTRAL PA
59,"220 Marion Ave, Carlisle, PA 17013","$168,000",Sold 02/17/2023,"3 bds2 ba1,320 sqft",CENTURY 21 A BETTER WAY
60,"4 Baird Ct, Carlisle, PA 17013","$489,900",Sold 02/17/2023,"4 bds3 ba4,104 sqft",COLDWELL BANKER REALTY
61,"22 Shillington Ln #13, Carlisle, PA 17013","$304,990",Sold 02/17/2023,"3 bds3 ba1,706 sqft",RE/MAX 1ST ADVANTAGE
62,"336 Acre Dr, Carlisle, PA 17013","$530,000",Sold 02/16/2023,"5 bds7 ba5,993 sqft",KELLER WILLIAMS OF CENTRAL PA
63,"126 Cedar St, Carlisle, PA 17013","$320,000",Sold 02/16/2023,"5 bds3 ba2,352 sqft",BERKSHIRE HATHAWAY HOMESERVICES HOMESALE REALTY
64,"3551 Spring Rd, Carlisle, PA 17013","$250,000",Sold 02/16/2023,"3 bds1.5 ba1,680 sqft",
65,"18 Glenn Vw, Carlisle, PA 17013","$320,000",Sold 02/15/2023,"3 bds3 ba2,196 sqft",WOLFE & COMPANY REALTORS
66,"23 Valley St, Carlisle, PA 17013","$235,000",Sold 02/13/2023,"4 bds2 ba1,838 sqft",
67,"20 Shillington Ln #12, Carlisle, PA 17013","$299,990",Sold 02/13/2023,"3 bds3 ba1,706 sqft",RE/MAX 1ST ADVANTAGE
68,"13 S Spring Garden St, Carlisle, PA 17013","$125,000",Sold 02/10/2023,"3 bds1.5 ba1,232 sqft",
69,"46 W South St, Carlisle, PA 17013","$198,048",Sold 02/10/2023,"4 bds2 ba1,521 sqft",REAL ESTATE EXCEL
70,"1670 Douglas Dr, Carlisle, PA 17013","$162,500",Sold 02/10/2023,"3 bds3 ba1,206 sqft",BERKSHIRE HATHAWAY HOMESERVICES HOMESALE REALTY
71,"10 Brook Side Dr, Carlisle, PA 17013","$211,250",Sold 02/10/2023,"3 bds3 ba1,632 sqft",WOLFE & COMPANY REALTORS
72,"506 W High St, Carlisle, PA 17013","$259,000",Sold 02/09/2023,"3 bds2 ba1,361 sqft",KELLER WILLIAMS OF CENTRAL PA
73,"313 Croghan Dr, Carlisle, PA 17013","$315,000",Sold 02/09/2023,"4 bds2 ba2,833 sqft",BERKSHIRE HATHAWAY HOMESERVICES HOMESALE REALTY
74,"101 Marbeth Ave, Carlisle, PA 17013","$180,000",Accepts Zillow applications,"3 bds1 ba1,000 sqft",RE/MAX 1ST ADVANTAGE
75,"15 S Spring Garden St, Carlisle, PA 17013","$125,000",Sold 02/03/2023,1 bd1 ba675 sqft,
76,"140 E Liberty Ave, Carlisle, PA 17013","$100,000",Sold 02/03/2023,2 bds1 ba840 sqft,
77,"136 E Liberty Ave, Carlisle, PA 17013","$100,000",Sold 02/03/2023,2 bds1 ba720 sqft,
78,"138 E Liberty Ave, Carlisle, PA 17013","$100,000",Sold 02/03/2023,2 bds1 ba744 sqft,
79,"210 Parker St, Carlisle, PA 17013","$530,000",Sold 02/03/2023,"3 bds3 ba3,800 sqft",KELLER WILLIAMS OF CENTRAL PA
80,"122 E Liberty Ave, Carlisle, PA 17013","$105,000",Sold 02/02/2023,2 bds1 ba840 sqft,
81,"525 S Hanover St, Carlisle, PA 17013","$230,000",Sold 02/02/2023,"4 bds3 ba2,126 sqft",
82,"55 Media Rd, Carlisle, PA 17013","$135,000",Sold 02/02/2023,2 bds1 ba888 sqft,
83,"177 E South St, Carlisle, PA 17013","$138,000",Sold 01/31/2023,"2 bds1 ba1,000 sqft",KELLER WILLIAMS OF CENTRAL PA
84,"128 Church Ave, Carlisle, PA 17013","$72,500",Sold 01/31/2023,"2 bds1 ba1,024 sqft",
85,"438 W Penn St, Carlisle, PA 17013","$250,000",Sold 01/31/2023,"3 bds2 ba1,509 sqft","JOY DANIELS REAL ESTATE GROUP, LTD"
86,"428 Fairground Ave, Carlisle, PA 17013","$72,500",Sold 01/31/2023,"3 bds1 ba1,080 sqft",
87,"127 Cumberland Dr, Carlisle, PA 17013","$280,000",Sold 01/31/2023,"4 bds3 ba1,898 sqft",IRON VALLEY REAL ESTATE OF CENTRAL PA
88,"329 W Ridge St, Carlisle, PA 17013","$144,000",Sold 01/30/2023,"3 bds1.5 ba1,200 sqft",
89,"471 Cranes Gap Rd, Carlisle, PA 17013","$160,000",Sold 01/30/2023,"4 bds2 ba1,604 sqft",
90,"2360 Spring Rd, Carlisle, PA 17013","$145,000",Sold 01/30/2023,"5 bds2 ba2,560 sqft","JOY DANIELS REAL ESTATE GROUP, LTD"
91,"1869 Douglas Dr, Carlisle, PA 17013","$167,900",Sold 01/30/2023,"3 bds2 ba1,408 sqft",COLDWELL BANKER REALTY
92,"215 Longs Gap Rd, Carlisle, PA 17013","$429,000",Sold 01/23/2023,"3 bds2 ba1,440 sqft","BORS REALTY GROUP, LLC"
93,"933 N Pitt St, Carlisle, PA 17013","$187,000",Sold 01/20/2023,"3 bds2 ba1,344 sqft",CENTURY 21 A BETTER WAY
94,"46 Shillington Ln #25, Carlisle, PA 17013","$334,990",Sold 01/19/2023,"3 bds2 ba1,420 sqft",RE/MAX 1ST ADVANTAGE
95,"150 E Penn St, Carlisle, PA 17013","$152,000",Sold 01/18/2023,2 bds1 ba984 sqft,REMAX PRESTIGE
96,"200 Bellaire Park Rd, Carlisle, PA 17013","$60,000",Sold 01/18/2023,-- bds-- ba-- sqft,
97,"25 Shillington Ln #47, Carlisle, PA 17013","$326,495",Sold 01/18/2023,"3 bds3 ba1,706 sqft",RE/MAX 1ST ADVANTAGE
98,"153 N College St, Carlisle, PA 17013","$245,000",Sold 01/13/2023,"3 bds2 ba1,384 sqft","STERLING PROPERTY MANAGEMENT, INC.."
99,"133 Fairview Dr, Carlisle, PA 17013","$205,000",Sold 01/13/2023,2 bds1 ba864 sqft,
100,"431 Cornman Rd, Carlisle, PA 17013","$175,000",Sold 01/13/2023,"-- bds-- ba1,012 sqft",
101,"1838 Spring Rd, Carlisle, PA 17013","$175,000",Sold 01/13/2023,-- bds-- ba884 sqft,
102,"42 Ridge Ave, Carlisle, PA 17013","$265,000",Sold 01/13/2023,"3 bds3 ba1,628 sqft",
103,"131 N East St, Carlisle, PA 17013","$670,000",Sold 01/12/2023,"6 bds4 ba4,000 sqft",BERKSHIRE HATHAWAY HOMESERVICES HOMESALE REALTY
104,"756 W Louther St, Carlisle, PA 17013","$125,000",Sold 01/12/2023,"3 bds1 ba1,148 sqft",
105,"1100 Cranes Gap Rd, Carlisle, PA 17013","$44,000",Sold 01/12/2023,"3 bds2 ba1,696 sqft",
106,"220 Regal Vw, Carlisle, PA 17013","$420,000",Sold 01/12/2023,"7 bds4 ba2,238 sqft",RE/MAX 1ST ADVANTAGE
107,"LOT Meeting House Rd, Carlisle, PA 17013","$50,000",Sold 01/11/2023,0.37 acres lot,WOLFE & COMPANY REALTORS
108,"27 Shillington Ln #48, Carlisle, PA 17013","$366,654",Sold 01/10/2023,"3 bds3 ba1,706 sqft",RE/MAX 1ST ADVANTAGE
109,"435 Cornman Rd, Carlisle, PA 17013","$175,000",Sold 01/09/2023,"3 bds2 ba1,012 sqft",COLDWELL BANKER REALTY
110,"122 Beech St, Carlisle, PA 17013","$610,000",Sold 01/09/2023,-- bds-- ba-- sqft,
111,"92 Fairview St, Carlisle, PA 17013","$225,000",Sold 01/09/2023,"3 bds2 ba1,524 sqft",IRON VALLEY REAL ESTATE OF CENTRAL PA
112,"529 N Pitt St, Carlisle, PA 17013","$145,000",Sold 01/06/2023,"4 bds-- ba2,076 sqft",BERKSHIRE HATHAWAY HOMESERVICES HOMESALE REALTY
113,"218 S Hanover St, Carlisle, PA 17013","$287,500",Sold 12/30/2022,"4 bds3 ba2,611 sqft",KELLER WILLIAMS OF CENTRAL PA
114,"10 Bennington Way, Carlisle, PA 17013","$459,990",Sold 12/30/2022,"4 bds3 ba2,084 sqft",KELLER WILLIAMS OF CENTRAL PA
115,"1 Brubaker Dr, Carlisle, PA 17013","$390,000",Sold 12/30/2022,"5 bds3 ba2,914 sqft",COLDWELL BANKER REALTY
116,"9 American Ave, Carlisle, PA 17013","$325,000",Sold 12/30/2022,"4 bds2 ba1,698 sqft",COLDWELL BANKER REALTY
117,"426 N East St, Carlisle, PA 17013","$100,000",Sold 12/28/2022,"2 bds1 ba1,072 sqft",BERKSHIRE HATHAWAY HOMESERVICES HOMESALE REALTY
118,"222 Marion Ave, Carlisle, PA 17013","$168,000",Sold 12/28/2022,"3 bds2 ba1,280 sqft",CENTURY 21 A BETTER WAY
119,"917 W North St, Carlisle, PA 17013","$150,000",Sold 12/28/2022,"3 bds1 ba1,144 sqft",
120,"35 Long Vw, Carlisle, PA 17013","$90,500",Sold 12/28/2022,"4 bds2.5 ba2,472 sqft",
121,"2000 W Trindle Rd, Carlisle, PA 17013","$500,000",Sold 12/27/2022,0.3 acres lot,
122,"18 Smokehouse Rd, Carlisle, PA 17013","$315,000",Sold 12/27/2022,"4 bds3 ba1,906 sqft",COLDWELL BANKER REALTY
123,"5 American Ave, Carlisle, PA 17013","$318,500",Sold 12/27/2022,"4 bds3 ba1,906 sqft",COLDWELL BANKER REALTY
124,"10 American Ave, Carlisle, PA 17013","$326,990",Sold 12/27/2022,"4 bds3 ba1,906 sqft",COLDWELL BANKER REALTY
125,"220 Garland Dr, Carlisle, PA 17013","$299,900",Sold 12/23/2022,"5 bds2 ba2,384 sqft",BROKERSREALTY.COM-HARRISBURG REGIONAL OFFICE
126,"130 B St, Carlisle, PA 17013","$177,000",Sold 12/23/2022,"3 bds1 ba1,320 sqft",COLDWELL BANKER REALTY
127,"515 Hamilton St, Carlisle, PA 17013","$168,100",Sold 12/22/2022,"3 bds2 ba1,524 sqft",
128,"10 Courtyard Dr, Carlisle, PA 17013","$154,000",Sold 12/22/2022,"2 bds2 ba1,232 sqft",KELLER WILLIAMS OF CENTRAL PA
129,"652 N College St #3, Carlisle, PA 17013","$240,000",Sold 12/22/2022,"3 bds3 ba1,250 sqft",KOVO REALTY
130,"35 N Middlesex Rd, Carlisle, PA 17013","$200,000",Sold 12/20/2022,"3 bds2 ba1,500 sqft",
131,"11 American Ave, Carlisle, PA 17013","$330,000",Sold 12/20/2022,"4 bds3 ba1,906 sqft",COLDWELL BANKER REALTY
132,"15 E South St, Carlisle, PA 17013","$115,000",Sold 12/19/2022,"3 bds1 ba1,328 sqft",RE/MAX 1ST ADVANTAGE
133,"3 Lee Ct, Carlisle, PA 17013","$382,000",Sold 12/19/2022,"4 bds4 ba3,986 sqft",
134,"3 Brubaker Dr, Carlisle, PA 17013","$390,000",Sold 12/19/2022,"5 bds3 ba2,914 sqft",COLDWELL BANKER REALTY
135,"111 N East St, Carlisle, PA 17013","$199,900",Sold 12/16/2022,"3 bds1 ba1,648 sqft",CENTURY 21 REALTY SERVICES
136,"530 N Pitt St, Carlisle, PA 17013","$90,000",Sold 12/16/2022,"2 bds1 ba1,620 sqft",IRON VALLEY REAL ESTATE OF CENTRAL PA
137,"45 Imperial Ct, Carlisle, PA 17013","$391,000",Sold 12/15/2022,"4 bds3 ba2,551 sqft","TEAMPETE REALTY SERVICES, INC."
138,"417 Dogwood Ct, Carlisle, PA 17013","$152,000",Sold 12/15/2022,"2 bds2 ba1,032 sqft",BERKSHIRE HATHAWAY HOMESERVICES HOMESALE REALTY
139,"79 Bennington Way, Carlisle, PA 17013","$499,540",Sold 12/15/2022,"4 bds3 ba2,124 sqft",KELLER WILLIAMS OF CENTRAL PA
140,"582 W Louther St, Carlisle, PA 17013","$230,000",Sold 12/14/2022,"6 bds2 ba3,267 sqft",
141,"218 A St, Carlisle, PA 17013","$183,000",Sold 12/14/2022,"3 bds2 ba1,921 sqft",COLDWELL BANKER REALTY
142,"8 Stine Ave, Carlisle, PA 17013","$146,000",Sold 12/14/2022,"3 bds1 ba1,269 sqft",
143,"104 Spruce St, Carlisle, PA 17013","$154,900",Sold 12/12/2022,"2 bds2 ba1,392 sqft",KELLER WILLIAMS OF CENTRAL PA
144,"923 N West St, Carlisle, PA 17013","$140,000",Sold 12/12/2022,"3 bds1 ba1,500 sqft",HOWARD HANNA COMPANY-CARLISLE
145,"(undisclosed Address), Carlisle, PA 17013","$170,000",Sold 12/12/2022,"3 bds3 ba1,320 sqft",BERKSHIRE HATHAWAY HOMESERVICES HOMESALE REALTY
146,"1010 Harriet St, Carlisle, PA 17013","$240,000",Sold 12/12/2022,"3 bds2 ba2,299 sqft",COLDWELL BANKER REALTY
147,"943 W North St #32, Carlisle, PA 17013","$410,095",Sold 12/12/2022,"3 bds2 ba1,649 sqft",RE/MAX 1ST ADVANTAGE
148,"1123 Harrisburg Pike, Carlisle, PA 17013","$77,000",Sold 12/09/2022,"2 bds2 ba1,200 sqft",REALTY FIVE HUNDRED
149,"281 Harvest Dr, Carlisle, PA 17013","$315,000",Sold 12/09/2022,"3 bds2 ba1,737 sqft",BERKSHIRE HATHAWAY HOMESERVICES HOMESALE REALTY
150,"54 Greystone Rd, Carlisle, PA 17013","$200,000",Sold 12/09/2022,"3 bds1 ba1,130 sqft",COLDWELL BANKER REALTY
151,"927 Hamilton St, Carlisle, PA 17013","$200,000",Sold 12/08/2022,"3 bds1.5 ba1,246 sqft",
152,"582-582 W Louther St #584, Carlisle, PA 17013","$230,000",Sold 12/08/2022,"6 bds4 ba3,267 sqft",WOLFE & COMPANY REALTORS
153,"411 Wolfs Bridge Rd, Carlisle, PA 17013","$240,000",Sold 12/08/2022,28.74 acres lot,KELLER WILLIAMS OF CENTRAL PA
154,"26 Cambridge Ct, Carlisle, PA 17013","$135,000",Sold 12/07/2022,"2 bds2 ba1,668 sqft",
155,"321 W Ridge St, Carlisle, PA 17013","$130,000",Sold 12/06/2022,"3 bds1.5 ba1,200 sqft",
156,"14 Jane Ln, Carlisle, PA 17013","$300,000",Sold 12/06/2022,"4 bds3 ba1,788 sqft",IRON VALLEY REAL ESTATE OF CENTRAL PA
157,"6 Otto Ave, Carlisle, PA 17013","$180,000",Sold 12/06/2022,"2 bds1.5 ba1,176 sqft",
158,"47 Pine St, Carlisle, PA 17013","$185,000",Sold 12/06/2022,"2 bds3 ba1,320 sqft",IRON VALLEY REAL ESTATE OF CENTRAL PA
159,"233 Walnut St, Carlisle, PA 17013","$138,996",Sold 12/05/2022,"4 bds1.5 ba2,256 sqft",
160,"243 W Willow St, Carlisle, PA 17013","$110,000",Sold 12/05/2022,"3 bds2 ba1,024 sqft",
161,"816 E Louther St, Carlisle, PA 17013","$140,000",Sold 11/30/2022,"2 bds1 ba1,116 sqft",KELLER WILLIAMS OF CENTRAL PA
162,"115 E North St, Carlisle, PA 17013","$149,900",Sold 11/30/2022,"2 bds2 ba1,050 sqft",IRON VALLEY REAL ESTATE OF CENTRAL PA
163,"1142 S Pitt St, Carlisle, PA 17013","$335,000",Sold 11/30/2022,"4 bds3 ba2,615 sqft",BERKSHIRE HATHAWAY HOMESERVICES HOMESALE REALTY
164,"720 Appalachian Ave, Carlisle, PA 17013","$387,000",Sold 11/30/2022,"4 bds3 ba2,233 sqft",COLDWELL BANKER REALTY
165,"6 American Ave, Carlisle, PA 17013","$315,990",Sold 11/30/2022,"4 bds3 ba1,906 sqft",COLDWELL BANKER REALTY
166,"135 Elm St, Carlisle, PA 17013","$80,000",Sold 11/29/2022,"3 bds2 ba1,422 sqft",
167,"2131 Longs Gap Rd, Carlisle, PA 17013","$360,500",Sold 11/25/2022,"4 bds3 ba2,320 sqft",IRON VALLEY REAL ESTATE
168,"423 N Hanover St, Carlisle, PA 17013","$148,000",Sold 11/23/2022,"4 bds2 ba1,588 sqft",
169,"51 E Penn St, Carlisle, PA 17013","$119,000",Sold 11/23/2022,"3 bds2 ba1,224 sqft",HOWARD HANNA COMPANY-CARLISLE
170,"108 Longs Gap Rd, Carlisle, PA 17013","$210,000",Sold 11/23/2022,"4 bds1 ba1,376 sqft",HOME365
171,"937 W North St #35, Carlisle, PA 17013","$410,399",Sold 11/23/2022,"4 bds3 ba1,909 sqft",RE/MAX 1ST ADVANTAGE
172,"29 W I St, Carlisle, PA 17013","$250,000",Sold 11/22/2022,"3 bds2 ba2,051 sqft",BERKSHIRE HATHAWAY HOMESERVICES HOMESALE REALTY
173,"14 Smokehouse Rd, Carlisle, PA 17013","$317,500",Sold 11/22/2022,"4 bds3 ba1,906 sqft",COLDWELL BANKER REALTY
174,"308 E North St, Carlisle, PA 17013","$86,000",Sold 11/21/2022,"4 bds1 ba1,798 sqft",
175,"111 Fairview Dr, Carlisle, PA 17013","$191,500",Sold 11/21/2022,2 bds1 ba792 sqft,IRON VALLEY REAL ESTATE OF CENTRAL PA
176,"63 E North St, Carlisle, PA 17013","$170,000",Sold 11/18/2022,"2 bds1 ba1,048 sqft",BERKSHIRE HATHAWAY HOMESERVICES HOMESALE REALTY
177,"1001 Hillside Dr, Carlisle, PA 17013","$360,000",Sold 11/18/2022,"4 bds4 ba2,434 sqft",HOWARD HANNA COMPANY-CAMP HILL
178,"115 Petersburg Rd, Carlisle, PA 17013","$214,900",Sold 11/18/2022,"3 bds3 ba1,905 sqft",WOLFE & COMPANY REALTORS
179,"33 Courtyard Dr, Carlisle, PA 17013","$200,000",Sold 11/18/2022,"3 bds3 ba1,640 sqft",IRON VALLEY REAL ESTATE OF CENTRAL PA
180,"235 Pine Creek Dr, Carlisle, PA 17013","$450,000",Sold 11/18/2022,"4 bds3 ba3,283 sqft",KELLER WILLIAMS OF CENTRAL PA
181,"148 N Spring Garden St, Carlisle, PA 17013","$123,000",Sold 11/17/2022,"2 bds1 ba1,488 sqft",
182,"558 E St, Carlisle, PA 17013","$230,000",Sold 11/17/2022,"3 bds1 ba1,787 sqft",COLDWELL BANKER REALTY
183,"600 Belvedere St, Carlisle, PA 17013","$260,000",Sold 11/16/2022,"3 bds1.5 ba1,184 sqft",
184,"159 Faith Cir, Carlisle, PA 17013","$206,000",Sold 11/15/2022,"3 bds2 ba1,616 sqft",
185,"142 Tower Cir, Carlisle, PA 17013","$1,000",Sold 11/15/2022,"3 bds1.5 ba1,064 sqft",
186,"140 Tower Cir, Carlisle, PA 17013","$1,000",Sold 11/15/2022,"3 bds2 ba1,120 sqft",
187,"1917 Esther Dr, Carlisle, PA 17013","$350,000",Sold 11/15/2022,"5 bds3 ba3,201 sqft","EXP REALTY, LLC"
188,"312 Juniper St, Carlisle, PA 17013","$162,500",Sold 11/14/2022,"3 bds2 ba1,120 sqft","EXP REALTY, LLC"
189,"813 N Pitt St, Carlisle, PA 17013","$208,000",Sold 11/14/2022,"3 bds2 ba1,610 sqft","JOY DANIELS REAL ESTATE GROUP, LTD"
190,"4 Newcastle Dr, Carlisle, PA 17013","$415,000",Sold 11/14/2022,"3 bds2 ba1,837 sqft",NON SUBSCRIBING OFFICE
191,"945 W North St #31, Carlisle, PA 17013","$437,488",Sold 11/14/2022,"4 bds3 ba2,043 sqft",RE/MAX 1ST ADVANTAGE
192,"116 W South St, Carlisle, PA 17013","$152,000",Sold 11/11/2022,"4 bds1 ba1,562 sqft",LISTWITHFREEDOM.COM
193,"702 N Pitt St, Carlisle, PA 17013","$211,000",Sold 11/11/2022,"3 bds2 ba1,670 sqft",HOWARD HANNA COMPANY-CARLISLE
194,"56 Partridge Cir, Carlisle, PA 17013","$195,000",Sold 11/10/2022,"2 bds3 ba1,328 sqft",IRON VALLEY REAL ESTATE OF CENTRAL PA
195,"725 Franklin St, Carlisle, PA 17013","$230,000",Sold 11/09/2022,"3 bds2 ba1,536 sqft",KELLER WILLIAMS OF CENTRAL PA
196,"90 Creek Rd, Carlisle, PA 17013","$400,000",Sold 11/09/2022,1.19 acres lot,
197,"124 Beech St, Carlisle, PA 17013","$165,000",Sold 11/07/2022,2 bds1 ba945 sqft,
198,"42 W South St, Carlisle, PA 17013","$174,900",Sold 11/04/2022,"5 bds2 ba1,458 sqft",RE/MAX 1ST ADVANTAGE
199,"560 W North St, Carlisle, PA 17013","$126,000",Sold 11/04/2022,"3 bds2 ba1,193 sqft",BERKSHIRE HATHAWAY HOMESERVICES HOMESALE REALTY
200,"24 Faith Cir, Carlisle, PA 17013","$170,000",Sold 11/04/2022,"3 bds1.5 ba1,272 sqft",
201,"143 Faith Cir, Carlisle, PA 17013","$247,000",Sold 11/04/2022,"3 bds2 ba1,648 sqft",KELLER WILLIAMS OF CENTRAL PA
202,"1934 Reservoir Dr, Carlisle, PA 17013","$180,000",Sold 11/04/2022,"3 bds2 ba1,368 sqft",CENTURY 21 A BETTER WAY
203,"121 Strayer Dr, Carlisle, PA 17013","$235,000",Sold 11/04/2022,"2 bds2 ba1,545 sqft",HOUSE BROKER REALTY LLC
204,"131 Strayer Dr, Carlisle, PA 17013","$195,500",Sold 11/04/2022,"2 bds2 ba1,050 sqft","STERLING PROPERTY MANAGEMENT, INC.."
205,"83 Courtyard Dr, Carlisle, PA 17013","$89,000",Sold 11/04/2022,"2 bds1.5 ba1,232 sqft",
206,"91 Bennington Way, Carlisle, PA 17013","$432,055",Sold 11/04/2022,"4 bds3 ba2,500 sqft",KELLER WILLIAMS OF CENTRAL PA
207,"92 Bennington Way, Carlisle, PA 17013","$358,365",Sold 11/04/2022,"4 bds3 ba1,911 sqft",KELLER WILLIAMS OF CENTRAL PA
208,"95 Bennington Way, Carlisle, PA 17013","$396,385",Sold 11/04/2022,"4 bds3 ba1,948 sqft",KELLER WILLIAMS OF CENTRAL PA
209,"86 Bennington Way, Carlisle, PA 17013","$332,015",Sold 11/04/2022,"4 bds3 ba1,440 sqft",KELLER WILLIAMS OF CENTRAL PA
210,"84 Bennington Way, Carlisle, PA 17013","$413,393",Sold 11/04/2022,"4 bds3 ba2,062 sqft",KELLER WILLIAMS OF CENTRAL PA
211,"9 Bennington Way, Carlisle, PA 17013","$381,973",Sold 11/04/2022,"4 bds3 ba2,186 sqft",KELLER WILLIAMS OF CENTRAL PA
212,"76 Bennington Way, Carlisle, PA 17013","$401,729",Sold 11/04/2022,"4 bds3 ba2,084 sqft",KELLER WILLIAMS OF CENTRAL PA
213,"88 Bennington Way, Carlisle, PA 17013","$365,873",Sold 11/04/2022,"4 bds3 ba1,948 sqft",KELLER WILLIAMS OF CENTRAL PA
214,"29 Country Side Dr, Carlisle, PA 17013","$558,717",Sold 11/04/2022,"4 bds4 ba2,954 sqft",GARMAN HOME SALES LLC
215,"1338 Bryn Mawr Rd, Carlisle, PA 17013","$159,900",Sold 11/03/2022,"3 bds1 ba1,216 sqft",
216,"11 Gordon Dr, Carlisle, PA 17013","$52,500",Sold 11/03/2022,1 bd1 ba732 sqft,
217,"1040 Longs Gap Rd, Carlisle, PA 17013","$220,000",Sold 11/03/2022,"2 bds1.5 ba1,232 sqft",
218,"629 Hamilton St, Carlisle, PA 17013","$145,000",Sold 11/02/2022,"3 bds2 ba1,120 sqft",RE/MAX 1ST ADVANTAGE
219,"25 Manada Creek Cir, Carlisle, PA 17013","$390,000",Sold 11/02/2022,"4 bds3 ba2,439 sqft",
220,"477 Wolfs Bridge Rd, Carlisle, PA 17013","$6,298",Sold 10/31/2022,"2 bds2 ba2,100 sqft",
221,"615 N East St, Carlisle, PA 17013","$25,000",Sold 10/31/2022,"4,356 sqft lot",COLDWELL BANKER REALTY
222,"318 Juniper St, Carlisle, PA 17013","$175,000",Sold 10/28/2022,"3 bds2 ba1,120 sqft",BERKSHIRE HATHAWAY HOMESERVICES HOMESALE REALTY
223,"150 W South St, Carlisle, PA 17013","$350,000",Sold 10/28/2022,"3 bds2 ba2,310 sqft",IRON VALLEY REAL ESTATE OF CENTRAL PA
224,"723 N Pitt St, Carlisle, PA 17013","$149,900",Sold 10/28/2022,"3 bds2 ba1,125 sqft",COLDWELL BANKER REALTY
225,"613 N Pitt St, Carlisle, PA 17013","$105,000",Sold 10/28/2022,"3 bds1 ba1,771 sqft",BERKSHIRE HATHAWAY HOMESERVICES HOMESALE REALTY
226,"406 N Pitt St, Carlisle, PA 17013","$25,000",Sold 10/28/2022,"3 bds1 ba1,364 sqft",
227,"121 Pine Hill Rd, Carlisle, PA 17013","$230,000",Sold 10/28/2022,"3 bds1 ba1,430 sqft",IRON VALLEY REAL ESTATE OF CENTRAL PA
228,"245 G St, Carlisle, PA 17013","$171,500",Sold 10/28/2022,"2 bds2 ba1,296 sqft",RE/MAX 1ST ADVANTAGE
229,"30 Country Side Dr, Carlisle, PA 17013","$648,990",Sold 10/28/2022,"5 bds3 ba3,127 sqft",GARMAN HOME SALES LLC
230,"22 Skip Ln, Carlisle, PA 17013","$245,900",Sold 10/28/2022,"3 bds3 ba1,738 sqft","BUILDER REALTY, LLC"
231,"213 Walnut St, Carlisle, PA 17013","$100,000",Sold 10/27/2022,"2 bds-- ba1,528 sqft","SPENCER AND SPENCER REALTORS, LLC"
232,"1897 Mary Ln, Carlisle, PA 17013","$295,000",Sold 10/27/2022,"4 bds3 ba2,428 sqft",BERKSHIRE HATHAWAY HOMESERVICES HOMESALE REALTY
233,"914 Cavalry St, Carlisle, PA 17013","$290,000",Sold 10/27/2022,"3 bds2 ba1,450 sqft",BERKSHIRE HATHAWAY HOMESERVICES HOMESALE REALTY
234,"241 Arch St, Carlisle, PA 17013","$159,000",Sold 10/26/2022,"-- bds-- ba1,550 sqft",
235,"105 Hillside Dr, Carlisle, PA 17013","$260,000",Sold 10/26/2022,"3 bds2 ba1,414 sqft",IRON VALLEY REAL ESTATE OF CENTRAL PA
236,"115 Wynnwood Dr, Carlisle, PA 17013","$251,000",Sold 10/25/2022,"4 bds2 ba1,437 sqft",ALPHA STATE REALTY
237,"98 Schoolfield Dr, Carlisle, PA 17013","$400,000",Sold 10/24/2022,"4 bds3 ba2,094 sqft",IRON VALLEY REAL ESTATE OF CENTRAL PA
238,"917 Forbes Rd, Carlisle, PA 17013","$319,900",Sold 10/24/2022,"4 bds4 ba1,820 sqft",REAL ESTATE EXCEL
239,"419 N Hanover St, Carlisle, PA 17013","$140,000",Sold 10/24/2022,"2 bds2 ba1,512 sqft","LONG & FOSTER REAL ESTATE, INC."
240,"1 Coral Dr, Carlisle, PA 17013","$45,000",Sold 10/21/2022,"3 bds2 ba1,056 sqft",KELLER WILLIAMS OF CENTRAL PA
241,"446 Croghan Dr, Carlisle, PA 17013","$457,500",Sold 10/21/2022,"4 bds3 ba2,313 sqft",KELLER WILLIAMS OF CENTRAL PA
242,"521 D St, Carlisle, PA 17013","$212,500",Sold 10/19/2022,"3 bds1 ba1,011 sqft",KELLER WILLIAMS OF CENTRAL PA
243,"4 W Mulberry Hill Rd, Carlisle, PA 17013","$515,000",Sold 10/19/2022,"3 bds4 ba3,156 sqft",CENTURY 21 REALTY SERVICES
244,"105 Meadow Blvd, Carlisle, PA 17013","$274,900",Sold 10/19/2022,"3 bds2 ba2,324 sqft",BERKSHIRE HATHAWAY HOMESERVICES HOMESALE REALTY
245,"18 Meade Dr, Carlisle, PA 17013","$428,500",Sold 10/19/2022,"4 bds4 ba2,767 sqft",REAL ESTATE EXCEL
246,"20 Country Side Dr, Carlisle, PA 17013","$529,900",Sold 10/17/2022,"4 bds3 ba2,690 sqft",GARMAN HOME SALES LLC
247,"248 Franklin St, Carlisle, PA 17013","$170,000",Sold 10/14/2022,"3 bds-- ba1,631 sqft","LAWYERS REALTY, LLC"
248,"128 E St, Carlisle, PA 17013","$191,000",Sold 10/14/2022,"3 bds2 ba1,032 sqft",KELLER WILLIAMS OF CENTRAL PA
249,"351 Enola Rd, Carlisle, PA 17013","$175,000",Sold 10/14/2022,2 bds1 ba896 sqft,
250,"366 N Middlesex Rd, Carlisle, PA 17013","$376,000",Sold 10/14/2022,"3 bds2 ba1,566 sqft",KELLER WILLIAMS OF CENTRAL PA
251,"2711 Spring Rd, Carlisle, PA 17013","$166,900",Sold 10/14/2022,"3 bds1 ba1,100 sqft",BERKSHIRE HATHAWAY HOMESERVICES HOMESALE REALTY
252,"1130 Forge Rd, Carlisle, PA 17013","$289,000",Sold 10/14/2022,"3 bds2 ba2,214 sqft","JOY DANIELS REAL ESTATE GROUP, LTD"
253,"611 Hamilton St, Carlisle, PA 17013","$218,000",Sold 10/12/2022,"2 bds2 ba1,542 sqft",KELLER WILLIAMS OF CENTRAL PA
254,"50 Gordon Dr, Carlisle, PA 17013","$50,000",Sold 10/12/2022,2 bds1 ba672 sqft,
255,"87 Channel Dr, Carlisle, PA 17013","$134,000",Sold 10/12/2022,"3 bds1 ba1,260 sqft","WEICHERT, REALTORS-FIRST CHOICE"
256,"16 Wood Ln, Carlisle, PA 17013","$205,000",Sold 10/12/2022,"3 bds1 ba2,000 sqft",
257,"151 Lincoln St, Carlisle, PA 17013","$72,000",Sold 10/11/2022,2 bds1 ba820 sqft,REALTY FIVE HUNDRED
258,"135 N Spring Garden St, Carlisle, PA 17013","$440,000",Sold 10/10/2022,-- bds-- ba-- sqft,
259,"237 S Hanover St, Carlisle, PA 17013","$342,000",Sold 10/07/2022,"4 bds2 ba2,794 sqft","HOMELISTER, INC"
260,"330 Winding Ln, Carlisle, PA 17013","$215,000",Sold 10/07/2022,"3 bds2 ba1,999 sqft",
261,"162 Lincoln St, Carlisle, PA 17013","$95,000",Accepts Zillow applications,"5 bds-- ba2,860 sqft",KELLER WILLIAMS KEYSTONE REALTY
262,"58 Longstreet Dr, Carlisle, PA 17013","$325,000",Sold 10/07/2022,"3 bds2 ba1,660 sqft",KELLER WILLIAMS OF CENTRAL PA
263,"16 Courtyard Dr, Carlisle, PA 17013","$149,000",Sold 10/07/2022,"2 bds2 ba1,232 sqft",IRON VALLEY REAL ESTATE OF CENTRAL PA
264,"370 Easy Rd, Carlisle, PA 17013","$130,000",Sold 10/06/2022,"3 bds2 ba1,352 sqft",
265,"859 E Louther St, Carlisle, PA 17013","$192,699",Sold 10/04/2022,"2 bds1 ba1,176 sqft",
266,"29 Courtyard Dr, Carlisle, PA 17013","$192,000",Sold 10/03/2022,"3 bds3 ba1,640 sqft",NON SUBSCRIBING OFFICE
267,"30 Skip Ln, Carlisle, PA 17013","$245,900",Sold 10/03/2022,"3 bds3 ba1,738 sqft","BUILDER REALTY, LLC"
268,"1301 Stratford Dr, Carlisle, PA 17013","$400,000",Sold 09/30/2022,"4 bds3 ba2,091 sqft",KELLER WILLIAMS OF CENTRAL PA
269,"1044 S Pitt St, Carlisle, PA 17013","$255,000",Sold 09/30/2022,"3 bds2 ba1,500 sqft",BERKSHIRE HATHAWAY HOMESERVICES HOMESALE REALTY
270,"10 Coral Dr, Carlisle, PA 17013","$55,000",Sold 09/30/2022,2 bds1 ba784 sqft,REMAX PRESTIGE
271,"50 Long Vw, Carlisle, PA 17013","$450,000",Sold 09/30/2022,"4 bds3 ba2,518 sqft",KELLER WILLIAMS OF CENTRAL PA
272,"9 Northview Dr, Carlisle, PA 17013","$71,000",Sold 09/30/2022,"2 bds2 ba1,344 sqft",COLDWELL BANKER REALTY
273,"28 Skip Ln, Carlisle, PA 17013","$245,900",Sold 09/30/2022,"3 bds3 ba1,738 sqft","BUILDER REALTY, LLC"
274,"26 Skip Ln, Carlisle, PA 17013","$245,900",Sold 09/30/2022,"3 bds3 ba1,738 sqft","BUILDER REALTY, LLC"
275,"24 Skip Ln, Carlisle, PA 17013","$245,900",Sold 09/30/2022,"3 bds3 ba1,738 sqft","BUILDER REALTY, LLC"
276,"18 Skip Ln, Carlisle, PA 17013","$245,900",Sold 09/30/2022,"3 bds3 ba1,738 sqft","BUILDER REALTY, LLC"
277,"338 Petersburg Rd, Carlisle, PA 17013","$640,000",Sold 09/30/2022,"4 bds4 ba3,056 sqft",GARMAN HOME SALES LLC
278,"512 W South St, Carlisle, PA 17013","$401,000",Sold 09/29/2022,"3 bds4 ba2,184 sqft",KELLER WILLIAMS OF CENTRAL PA
279,"371 Bellaire Park Rd, Carlisle, PA 17013","$205,000",Sold 09/29/2022,"2 bds2 ba1,590 sqft",
280,"20 Skip Ln, Carlisle, PA 17013","$245,900",Sold 09/29/2022,"3 bds3 ba1,738 sqft","BUILDER REALTY, LLC"
281,"520 W South St, Carlisle, PA 17013","$350,000",Sold 09/28/2022,"4 bds4 ba1,995 sqft",CENTURY 21 A BETTER WAY
282,"6 N Letort Dr, Carlisle, PA 17013","$100,000",Sold 09/28/2022,"3 bds1 ba1,527 sqft",
283,"991 N Middleton Rd, Carlisle, PA 17013","$77,226",Sold 09/28/2022,"3 bds3 ba1,844 sqft",
284,"65 West Vw, Carlisle, PA 17013","$430,000",Sold 09/28/2022,"4 bds2.5 ba2,586 sqft",
285,"219 Graham St, Carlisle, PA 17013","$330,000",Sold 09/23/2022,"4 bds2 ba1,908 sqft",IRON VALLEY REAL ESTATE OF CENTRAL PA
286,"1139 Redwood Dr, Carlisle, PA 17013","$163,500",Sold 09/23/2022,3 bds2 ba912 sqft,IRON VALLEY REAL ESTATE OF CENTRAL PA
287,"146 Carlisle Springs Rd, Carlisle, PA 17013","$200,000",Sold 09/23/2022,"2 bds1 ba1,368 sqft",
288,"2381 Longs Gap Rd, Carlisle, PA 17013","$300,000",Sold 09/23/2022,"2 bds2 ba1,308 sqft",ALPHA STATE REALTY
289,"2670 Spring Rd, Carlisle, PA 17013","$288,100",Sold 09/23/2022,"4 bds3 ba1,848 sqft",IRON VALLEY REAL ESTATE OF CENTRAL PA
290,"12 Wood Ln, Carlisle, PA 17013","$326,000",Sold 09/23/2022,"3 bds3 ba1,796 sqft",HOWARD HANNA COMPANY-CARLISLE
291,"65 View, Carlisle, PA 17013","$430,000",Sold 09/23/2022,"4 bds4 ba3,186 sqft",IRON VALLEY REAL ESTATE OF CENTRAL PA
292,"235 W Willow St, Carlisle, PA 17013","$169,000",Sold 09/22/2022,"3 bds1 ba1,056 sqft",BERKSHIRE HATHAWAY HOMESERVICES HOMESALE REALTY
293,"6 Ridge Ave, Carlisle, PA 17013","$268,000",Sold 09/22/2022,"3 bds2 ba1,468 sqft",IRON VALLEY REAL ESTATE OF CENTRAL PA
294,"127 Lakeview Dr, Carlisle, PA 17013","$188,000",Sold 09/22/2022,"3 bds2 ba1,210 sqft",
295,"7 Shillington Ln #5, Carlisle, PA 17013","$362,990",Sold 09/22/2022,"3 bds2 ba1,649 sqft",RE/MAX 1ST ADVANTAGE
296,"158 B St, Carlisle, PA 17013","$165,000",Sold 09/21/2022,"3 bds2 ba1,402 sqft",
297,"25 Fairfield St, Carlisle, PA 17013","$250,000",Sold 09/20/2022,"3 bds1 ba1,344 sqft",BERKSHIRE HATHAWAY HOMESERVICES HOMESALE REALTY
298,"35 Stony Creek Ct, Carlisle, PA 17013","$425,000",Sold 09/20/2022,"4 bds3 ba2,550 sqft",KELLER WILLIAMS OF CENTRAL PA
299,"415 Eisenhower Dr, Carlisle, PA 17013","$240,000",Sold 09/20/2022,"3 bds2 ba1,686 sqft",KELLER WILLIAMS OF CENTRAL PA
300,"137 Lehman Dr, Carlisle, PA 17013","$271,000",Sold 09/20/2022,"2 bds2 ba1,555 sqft",
301,"36 H St, Carlisle, PA 17013","$145,000",Sold 09/19/2022,"3 bds2 ba1,200 sqft",
302,"8 Kingsbridge Cir, Carlisle, PA 17013","$335,000",Sold 09/19/2022,"4 bds4 ba2,071 sqft",ALPHA STATE REALTY
303,"118 Sable Dr, Carlisle, PA 17013","$198,000",Sold 09/19/2022,"3 bds2 ba1,570 sqft",BERKSHIRE HATHAWAY HOMESERVICES HOMESALE REALTY
304,"151 N Middleton Rd, Carlisle, PA 17013","$244,000",Sold 09/19/2022,"3 bds1 ba1,498 sqft",
305,"146 Spring Rd, Carlisle, PA 17013","$200,000",Sold 09/19/2022,"2 bds1 ba1,368 sqft",COLDWELL BANKER REALTY
306,"317 W Penn St, Carlisle, PA 17013","$135,000",Sold 09/16/2022,"3 bds2 ba1,092 sqft",IRON VALLEY REAL ESTATE OF CENTRAL PA
307,"256 E Louther St, Carlisle, PA 17013","$60,000",Sold 09/15/2022,"2 bds1 ba1,058 sqft",BERKSHIRE HATHAWAY HOMESERVICES HOMESALE REALTY
308,"444 N West St, Carlisle, PA 17013","$90,000",Sold 09/15/2022,"4 bds1 ba1,176 sqft",
309,"1908 Sterretts Gap Ave, Carlisle, PA 17013","$235,000",Sold 09/14/2022,"3 bds1 ba1,848 sqft",WOLFE & COMPANY REALTORS
310,"118 Virginia Ave, Carlisle, PA 17013","$176,000",Sold 09/14/2022,"3 bds2 ba1,920 sqft",IRON VALLEY REAL ESTATE OF CENTRAL PA
311,"1320 N West St, Carlisle, PA 17013","$222,500",Sold 09/14/2022,"3 bds3 ba1,640 sqft",HOWARD HANNA COMPANY-CARLISLE
312,"152 W North St, Carlisle, PA 17013","$180,000",Sold 09/14/2022,"3 bds2 ba1,440 sqft",RE/MAX 1ST ADVANTAGE
313,"60 Ridge Ave, Carlisle, PA 17013","$400,000",Sold 09/13/2022,"4 bds3 ba2,344 sqft",KELLER WILLIAMS OF CENTRAL PA
314,"629 S Hanover St, Carlisle, PA 17013","$331,000",Sold 09/12/2022,"4 bds2 ba2,542 sqft",BERKSHIRE HATHAWAY HOMESERVICES HOMESALE REALTY
315,"313 W Ridge St, Carlisle, PA 17013","$176,900",Sold 09/12/2022,"3 bds2 ba1,596 sqft",KELLER WILLIAMS OF CENTRAL PA
316,"5 Strawberry Dr, Carlisle, PA 17013","$187,900",Sold 09/12/2022,"2 bds2 ba1,080 sqft",
317,"49 S East St, Carlisle, PA 17013","$156,000",Sold 09/09/2022,"3 bds2 ba1,678 sqft",BERKSHIRE HATHAWAY HOMESERVICES HOMESALE REALTY
318,"602 W Louther St, Carlisle, PA 17013","$190,000",Sold 09/09/2022,"3 bds1 ba1,392 sqft",KELLER WILLIAMS OF CENTRAL PA
319,"55 Strawberry Dr, Carlisle, PA 17013","$170,000",Sold 09/09/2022,"2 bds2 ba1,080 sqft",
320,"58 Strawberry Dr, Carlisle, PA 17013","$255,600",Sold 09/09/2022,"2 bds2.5 ba1,782 sqft",
321,"413 Croghan Dr, Carlisle, PA 17013","$275,000",Sold 09/08/2022,"3 bds3 ba2,086 sqft",WOLFE & COMPANY REALTORS
322,"117 Willow View Dr, Carlisle, PA 17013","$250,000",Sold 09/08/2022,"3 bds2 ba1,671 sqft",
323,"581 Cranes Gap Rd, Carlisle, PA 17013","$230,000",Sold 09/08/2022,"3 bds2.5 ba1,961 sqft",
324,"20 Sunset Dr, Carlisle, PA 17013","$386,000",Sold 09/08/2022,-- bds-- ba-- sqft,
325,"1032 Northfield Dr, Carlisle, PA 17013","$180,500",Sold 09/07/2022,"3 bds3 ba1,344 sqft",
326,"20 Sunset Dr, Carlisle, PA 17013","$386,000",Sold 09/07/2022,"5 bds4 ba3,916 sqft",COLDWELL BANKER REALTY
327,"441 W Penn St, Carlisle, PA 17013","$155,000",Sold 09/06/2022,"2 bds1 ba1,268 sqft",BERKSHIRE HATHAWAY HOMESERVICES HOMESALE REALTY
328,"30 Moongale Dr, Carlisle, PA 17013","$386,000",Sold 09/06/2022,"5 bds4 ba2,512 sqft",COLDWELL BANKER REALTY
329,"7 Parkview Dr, Carlisle, PA 17013","$200,000",Sold 09/06/2022,"3 bds3 ba1,687 sqft",KELLER WILLIAMS OF CENTRAL PA
330,"102 Pearl Dr, Carlisle, PA 17013","$225,000",Sold 09/02/2022,"3 bds3 ba1,803 sqft",CAVALRY REALTY LLC
331,"8 American Ave, Carlisle, PA 17013","$370,000",Sold 09/02/2022,"4 bds3 ba2,148 sqft","DRH REALTY CAPITAL, LLC."
332,"338 E North St, Carlisle, PA 17013","$165,000",Sold 09/01/2022,"4 bds2 ba1,672 sqft",
333,"101A Partridge Cir, Carlisle, PA 17013","$217,500",Sold 09/01/2022,"2 bds3 ba1,328 sqft",
334,"68 E Penn St, Carlisle, PA 17013","$100,000",Sold 08/31/2022,"2 bds1 ba1,033 sqft",
335,"922 Gobin St, Carlisle, PA 17013","$225,000",Sold 08/31/2022,"3 bds2 ba1,526 sqft",COLDWELL BANKER REALTY
336,"38 Ridge Ave, Carlisle, PA 17013","$234,900",Sold 08/31/2022,"2 bds2 ba1,654 sqft",BERKSHIRE HATHAWAY HOMESERVICES HOMESALE REALTY
337,"835 Wellington Dr, Carlisle, PA 17013","$560,000",Sold 08/31/2022,"4 bds4 ba3,530 sqft",IRON VALLEY REAL ESTATE OF CENTRAL PA
338,"114 N East St, Carlisle, PA 17013","$190,000",Sold 08/31/2022,"3 bds2 ba1,440 sqft",JAK REAL ESTATE
339,"60 Rr E Penn St, Carlisle, PA 17013","$100,000",Sold 08/31/2022,-- bds-- ba-- sqft,
340,"19 Smokehouse Rd, Carlisle, PA 17013","$370,000",Sold 08/31/2022,"4 bds3 ba2,148 sqft","DRH REALTY CAPITAL, LLC."
341,"4 American Ave, Carlisle, PA 17013","$362,990",Sold 08/31/2022,"4 bds3 ba1,906 sqft","DRH REALTY CAPITAL, LLC."
342,"931 W North St #38, Carlisle, PA 17013","$343,767",Sold 08/31/2022,"3 bds3 ba1,819 sqft",RE/MAX 1ST ADVANTAGE
343,"225 N Bedford St, Carlisle, PA 17013","$149,000",Sold 08/30/2022,"3 bds2 ba1,334 sqft",KELLER WILLIAMS OF CENTRAL PA
344,"27 E South St, Carlisle, PA 17013","$105,000",Sold 08/30/2022,2 bds1 ba872 sqft,IRON VALLEY REAL ESTATE OF CENTRAL PA
345,"227 Longs Gap Rd, Carlisle, PA 17013","$210,000",Sold 08/30/2022,"2 bds2 ba1,284 sqft",
346,"101 Partridge Cir, Carlisle, PA 17013","$225,000",Sold 08/30/2022,"2 bds4 ba1,328 sqft",HOWARD HANNA COMPANY-CARLISLE
347,"66 Courtyard Dr, Carlisle, PA 17013","$189,000",Sold 08/29/2022,"3 bds3 ba1,640 sqft",
348,"7 American Ave, Carlisle, PA 17013","$370,000",Sold 08/29/2022,"4 bds3 ba2,148 sqft","DRH REALTY CAPITAL, LLC."
349,"219 N West St, Carlisle, PA 17013","$100,000",Sold 08/26/2022,"3 bds2 ba1,500 sqft",
350,"409 S Spring Garden St, Carlisle, PA 17013","$238,000",Sold 08/26/2022,"3 bds3 ba2,379 sqft","TEAMPETE REALTY SERVICES, INC."
351,"68 Courtyard Dr, Carlisle, PA 17013","$185,000",Sold 08/26/2022,"3 bds3 ba1,640 sqft",BERKSHIRE HATHAWAY HOMESERVICES HOMESALE REALTY
352,"7 Smokehouse Rd, Carlisle, PA 17013","$359,990",Sold 08/26/2022,"4 bds3 ba1,906 sqft","DRH REALTY CAPITAL, LLC."
353,"2 American Ave, Carlisle, PA 17013","$370,000",Sold 08/26/2022,"4 bds3 ba2,148 sqft","DRH REALTY CAPITAL, LLC."
354,"437 N Hanover St, Carlisle, PA 17013","$135,000",Sold 08/25/2022,"4 bds2 ba1,938 sqft",WOLFE & COMPANY REALTORS
355,"160 E Pomfret St, Carlisle, PA 17013","$170,500",Sold 08/25/2022,"3 bds1 ba1,214 sqft",COLDWELL BANKER REALTY
356,"23 S Letort Dr, Carlisle, PA 17013","$265,000",Sold 08/25/2022,"4 bds2 ba2,148 sqft","TEAMPETE REALTY SERVICES, INC."
357,"619 S Hanover St, Carlisle, PA 17013","$55,000",Sold 08/25/2022,-- bds-- ba-- sqft,
358,"15 Smokehouse Rd, Carlisle, PA 17013","$364,990",Sold 08/25/2022,"4 bds3 ba1,906 sqft","DRH REALTY CAPITAL, LLC."
359,"4 Smokehouse Rd, Carlisle, PA 17013","$367,990",Sold 08/25/2022,"4 bds3 ba1,906 sqft","DRH REALTY CAPITAL, LLC."
360,"1948 Spring Rd, Carlisle, PA 17013","$162,250",Sold 08/24/2022,"3 bds1 ba1,194 sqft",KELLER WILLIAMS OF CENTRAL PA
361,"5 Channel Dr, Carlisle, PA 17013","$199,000",Sold 08/24/2022,"4 bds2 ba1,927 sqft",CENTURY 21 A BETTER WAY
362,"930 W North St #68, Carlisle, PA 17013","$334,870",Sold 08/24/2022,"3 bds2 ba1,420 sqft",RE/MAX 1ST ADVANTAGE
363,"127 Valley View Dr, Carlisle, PA 17013","$295,000",Sold 08/23/2022,"4 bds3 ba1,870 sqft",
364,"1119 N Pitt St, Carlisle, PA 17013","$75,000",Sold 08/22/2022,1 bd1 ba648 sqft,
365,"120 G St, Carlisle, PA 17013","$185,000",Sold 08/22/2022,"5 bds2 ba2,110 sqft",
366,"18 Court Ln, Carlisle, PA 17013","$150,900",Sold 08/22/2022,"2 bds2 ba1,232 sqft",COLDWELL BANKER REALTY
367,"93 Bennington Way, Carlisle, PA 17013","$435,055",Sold 08/22/2022,"4 bds3 ba2,311 sqft",KELLER WILLIAMS OF CENTRAL PA
368,"127 Valley View Dr, Carlisle, PA 17013","$295,000",Sold 08/22/2022,"4 bds3 ba2,348 sqft","INCH & CO. REAL ESTATE, LLC"
369,"1011 Northfield Dr, Carlisle, PA 17013","$100,000",Sold 08/19/2022,"3 bds3 ba1,344 sqft",
370,"233 N Middlesex Rd, Carlisle, PA 17013","$115,000",Sold 08/19/2022,3 bds1 ba924 sqft,
371,"755 Longs Gap Rd, Carlisle, PA 17013","$195,000",Sold 08/19/2022,"3 bds1 ba1,160 sqft",RE/MAX 1ST ADVANTAGE
372,"170 Sunset Dr, Carlisle, PA 17013","$279,900",Sold 08/19/2022,"4 bds3 ba2,152 sqft",WOLFE & COMPANY REALTORS
373,"115 Oriole Dr, Carlisle, PA 17013","$119,900",Sold 08/19/2022,"3 bds2 ba1,680 sqft",KELLER WILLIAMS OF CENTRAL PA
374,"68 E Louther St, Carlisle, PA 17013","$209,900",Sold 08/18/2022,"4 bds3 ba1,704 sqft",BERKSHIRE HATHAWAY HOMESERVICES HOMESALE REALTY
375,"8 Meadow View Dr, Carlisle, PA 17013","$305,000",Sold 08/18/2022,"3 bds2 ba1,983 sqft","FOR SALE BY OWNER PLUS, REALTORS"
376,"1840 Basin Hill Blvd, Carlisle, PA 17013","$215,000",Sold 08/18/2022,"3 bds1 ba1,495 sqft",WOLFE & COMPANY REALTORS
377,"1678 Quail Dr, Carlisle, PA 17013","$180,000",Sold 08/17/2022,"3 bds3 ba1,224 sqft",KELLER WILLIAMS OF CENTRAL PA
378,"6 Smokehouse Rd, Carlisle, PA 17013","$370,000",Sold 08/17/2022,"4 bds3 ba2,148 sqft","DRH REALTY CAPITAL, LLC."
379,"131 Faith Cir, Carlisle, PA 17013","$176,900",Sold 08/16/2022,"3 bds2 ba1,527 sqft","EXP REALTY, LLC"
380,"531 Union Hall Rd, Carlisle, PA 17013","$149,500",Sold 08/15/2022,"1 bd1.5 ba1,352 sqft",
381,"926 W North St, Carlisle, PA 17013","$162,000",Open: Tuesday - Saturda...,"3 bds3 ba1,817 sqft",
382,"929 W North St #39, Carlisle, PA 17013","$362,560",Sold 08/12/2022,"3 bds2 ba1,420 sqft",RE/MAX 1ST ADVANTAGE
383,"129 S Pitt St, Carlisle, PA 17013","$207,000",Sold 08/11/2022,"4 bds3 ba3,166 sqft",
384,"650 N Bedford St, Carlisle, PA 17013","$198,000",Sold 08/09/2022,"3 bds2 ba1,255 sqft",
385,"246 Webster St, Carlisle, PA 17013","$226,000",Sold 08/09/2022,"3 bds2 ba1,282 sqft",KELLER WILLIAMS OF CENTRAL PA
386,"170 E North St, Carlisle, PA 17013","$152,000",Sold 08/09/2022,"2 bds2 ba1,019 sqft",COLDWELL BANKER REALTY
387,"147 Mulberry Ave, Carlisle, PA 17013","$171,250",Sold 08/09/2022,3 bds1 ba676 sqft,
388,"145 Mulberry Ave, Carlisle, PA 17013","$171,250",Sold 08/09/2022,2 bds1 ba928 sqft,
389,"29 E Pomfret St, Carlisle, PA 17013","$181,500",Sold 08/09/2022,"-- bds-- ba1,248 sqft",
390,"425 Dogwood Ct, Carlisle, PA 17013","$165,000",Sold 08/09/2022,"2 bds2 ba1,032 sqft",HOWARD HANNA COMPANY-CARLISLE
391,"125 W North St, Carlisle, PA 17013","$183,000",Sold 08/08/2022,"3 bds2 ba1,360 sqft",TURN KEY REALTY GROUP
392,"25 N Middlesex Rd, Carlisle, PA 17013","$199,900",Sold 08/08/2022,"3 bds2 ba1,612 sqft",WOLFE & COMPANY REALTORS
393,"59 N East St, Carlisle, PA 17013","$312,500",Sold 08/05/2022,"4 bds5 ba3,264 sqft",CENTURY 21 HOME ADVISORS
394,"243 S Hanover St, Carlisle, PA 17013","$300,000",Sold 08/05/2022,"5 bds3 ba3,540 sqft",KELLER WILLIAMS OF CENTRAL PA
395,"908 Armstrong Rd, Carlisle, PA 17013","$300,000",Sold 08/05/2022,"4 bds2 ba1,869 sqft",BERKSHIRE HATHAWAY HOMESERVICES HOMESALE REALTY
396,"1503 Hemlock Ave, Carlisle, PA 17013","$334,900",Sold 08/05/2022,"3 bds2 ba1,670 sqft",KELLER WILLIAMS OF CENTRAL PA
397,"101 Westpoint Dr, Carlisle, PA 17013","$227,500",Sold 08/05/2022,"4 bds3 ba1,842 sqft",BERKSHIRE HATHAWAY HOMESERVICES HOMESALE REALTY
398,"145-147 E Mulberry Ave, Carlisle, PA 17013","$171,250",Sold 08/05/2022,-- bds-- ba-- sqft,
399,"82 Bennington Way, Carlisle, PA 17013","$364,038",Sold 08/05/2022,"4 bds3 ba1,916 sqft",KELLER WILLIAMS OF CENTRAL PA
400,"145-145 E Mulberry Ave #147, Carlisle, PA 17013","$171,250",Sold 08/05/2022,4 bds2 ba-- sqft,BERKSHIRE HATHAWAY HOMESERVICES HOMESALE REALTY
401,"109 E Park St, Carlisle, PA 17013","$365,000",Sold 08/04/2022,"5 bds3 ba2,137 sqft",
402,"57 Country Side Dr, Carlisle, PA 17013","$561,000",Sold 08/04/2022,"4 bds4 ba3,168 sqft",COLDWELL BANKER REALTY
403,"800 Forbes Rd, Carlisle, PA 17013","$330,000",Sold 08/03/2022,"4 bds3 ba3,052 sqft",WOLFE & COMPANY REALTORS
404,"945 Cranes Gap Rd, Carlisle, PA 17013","$301,000",Sold 08/03/2022,"3 bds3 ba2,118 sqft",BERKSHIRE HATHAWAY HOMESERVICES HOMESALE REALTY
405,"13 Kenwood Ave, Carlisle, PA 17013","$225,000",Accepts Zillow applications,"3 bds2 ba1,250 sqft",IRON VALLEY REAL ESTATE OF CENTRAL PA
406,"132 Channel Dr, Carlisle, PA 17013","$89,376",Sold 08/02/2022,"1 bd1 ba1,296 sqft",
407,"1 American Ave, Carlisle, PA 17013","$372,000",Sold 08/02/2022,"4 bds3 ba2,148 sqft","DRH REALTY CAPITAL, LLC."
408,"141 Cedar St, Carlisle, PA 17013","$245,000",Sold 08/01/2022,"2 bds2 ba1,208 sqft",
409,"139 Cedar St, Carlisle, PA 17013","$245,000",Sold 08/01/2022,"2 bds2 ba1,208 sqft",
410,"807 Factory St, Carlisle, PA 17013","$122,000",Sold 08/01/2022,"3 bds1 ba1,275 sqft",IRON VALLEY REAL ESTATE OF CENTRAL PA
411,"97 Bennington Way, Carlisle, PA 17013","$405,735",Sold 07/31/2022,"4 bds3 ba1,916 sqft",KELLER WILLIAMS OF CENTRAL PA
412,"591 Summit Dr, Carlisle, PA 17013","$300,000",Sold 07/29/2022,"3 bds2 ba1,732 sqft",CAVALRY REALTY LLC
413,"815 Longs Gap Rd, Carlisle, PA 17013","$300,000",Sold 07/29/2022,"3 bds2 ba1,568 sqft",KELLER WILLIAMS OF CENTRAL PA
414,"430 Longs Gap Rd, Carlisle, PA 17013","$281,000",Sold 07/29/2022,"3 bds1 ba1,614 sqft",MCCARTHY ASSOCIATES
415,"1810 Willow Rd, Carlisle, PA 17013","$350,000",Sold 07/29/2022,"3 bds2.5 ba1,344 sqft",
416,"1808 Willow Rd, Carlisle, PA 17013","$350,000",Sold 07/29/2022,"3 bds2.5 ba1,344 sqft",
417,"189 York Rd, Carlisle, PA 17013","$165,000",Sold 07/29/2022,4 bds1 ba992 sqft,"RSR, REALTORS, LLC"
418,"21 Crest Vw, Carlisle, PA 17013","$310,000",Sold 07/29/2022,"3 bds3 ba2,823 sqft",HOWARD HANNA COMPANY-CARLISLE
419,"238 Rr E Louther St, Carlisle, PA 17013","$50,000",Sold 07/29/2022,-- bds-- ba-- sqft,
420,"21 Skip Ln, Carlisle, PA 17013","$239,900",Sold 07/29/2022,"3 bds3 ba1,738 sqft","BUILDER REALTY, LLC"
421,"23 Skip Ln, Carlisle, PA 17013","$239,900",Sold 07/29/2022,"3 bds3 ba1,738 sqft","BUILDER REALTY, LLC"
422,"844 Hamilton St, Carlisle, PA 17013","$217,000",Sold 07/28/2022,"2 bds1 ba1,044 sqft","RIGHT MOVE REALTY, LLC"
423,"102 Allegheny Ln, Carlisle, PA 17013","$459,900",Sold 07/28/2022,"4 bds2 ba3,048 sqft",TURN KEY REALTY GROUP
424,"12 Hope Ter, Carlisle, PA 17013","$221,500",Sold 07/27/2022,"3 bds2 ba1,792 sqft",RE/MAX 1ST ADVANTAGE
425,"29 W Ridge St, Carlisle, PA 17013","$112,500",Sold 07/26/2022,"3 bds2.5 ba1,400 sqft",
426,"2060 W Trindle Rd, Carlisle, PA 17013","$165,000",Sold 07/26/2022,"4 bds1.5 ba1,413 sqft",
427,"124 Sable Dr, Carlisle, PA 17013","$200,000",Sold 07/26/2022,"3 bds3 ba1,629 sqft",BERKSHIRE HATHAWAY HOMESERVICES HOMESALE REALTY
428,"157 E Penn St, Carlisle, PA 17013","$85,000",Sold 07/25/2022,"2 bds1 ba1,366 sqft",KELLER WILLIAMS OF CENTRAL PA
429,"161 E Penn St, Carlisle, PA 17013","$79,000",Sold 07/25/2022,"3 bds1 ba1,110 sqft",HOWARD HANNA COMPANY-CARLISLE
430,"420 Eisenhower Dr, Carlisle, PA 17013","$240,000",Sold 07/25/2022,"4 bds3 ba1,910 sqft",BERKSHIRE HATHAWAY HOMESERVICES HOMESALE REALTY
431,"123 Parker St, Carlisle, PA 17013","$350,000",Sold 07/22/2022,"4 bds2 ba1,651 sqft",KELLER WILLIAMS OF CENTRAL PA
432,"717 Olson Dr, Carlisle, PA 17013","$240,100",Sold 07/22/2022,"3 bds2 ba1,626 sqft",COLDWELL BANKER REALTY
433,"10 Ridge Ave, Carlisle, PA 17013","$265,526",Sold 07/22/2022,"3 bds2 ba1,595 sqft",COLDWELL BANKER REALTY
434,"1924 Esther Dr, Carlisle, PA 17013","$226,000",Sold 07/21/2022,"3 bds2 ba1,288 sqft",BERKSHIRE HATHAWAY HOMESERVICES HOMESALE REALTY
435,"157 N West St, Carlisle, PA 17013","$199,500",Sold 07/20/2022,"2 bds1 ba2,120 sqft",
436,"259 W Baltimore St, Carlisle, PA 17013","$123,000",Sold 07/19/2022,"3 bds1 ba1,056 sqft",
437,"109 Spruce Ave, Carlisle, PA 17013","$215,000",Sold 07/19/2022,"3 bds2.5 ba1,320 sqft",
438,"1008 Ritner Hwy, Carlisle, PA 17013","$90,000",Sold 07/18/2022,"3 bds1 ba1,188 sqft",
439,"509 W North St, Carlisle, PA 17013","$180,000",Sold 07/18/2022,"3 bds2 ba1,800 sqft",
440,"104 Media Rd, Carlisle, PA 17013","$236,000",Sold 07/18/2022,"2 bds1 ba1,064 sqft",
441,"216 Wolfs Bridge Rd, Carlisle, PA 17013",$2.15M,Sold 07/18/2022,"3 bds2 ba1,408 sqft",
442,"833 E Louther St, Carlisle, PA 17013","$105,000",Sold 07/18/2022,"2 bds1 ba1,300 sqft",
443,"329 York Rd, Carlisle, PA 17013","$213,300",Sold 07/18/2022,"3 bds2 ba1,482 sqft",
444,"825 Wellington Dr, Carlisle, PA 17013","$394,900",Sold 07/15/2022,"3 bds3 ba1,928 sqft","WEICHERT, REALTORS-FIRST CHOICE"
445,"832 N West St, Carlisle, PA 17013","$180,000",Sold 07/15/2022,"3 bds1 ba1,248 sqft",KELLER WILLIAMS OF CENTRAL PA
446,"960 Cranes Gap Rd, Carlisle, PA 17013","$360,000",Sold 07/15/2022,"4 bds2 ba2,798 sqft",IRON VALLEY REAL ESTATE OF CENTRAL PA
447,"558 N Bedford St, Carlisle, PA 17013","$165,000",Sold 07/14/2022,"2 bds2 ba1,190 sqft",WOLFE & COMPANY REALTORS
448,"27 Skip Ln, Carlisle, PA 17013","$239,900",Sold 07/14/2022,"3 bds3 ba1,738 sqft","BUILDER REALTY, LLC"
449,"106 Strayer Dr, Carlisle, PA 17013","$223,000",Sold 07/13/2022,"2 bds2 ba1,377 sqft",CENTURY 21 A BETTER WAY
450,"10 Glenn Vw, Carlisle, PA 17013","$325,000",Sold 07/13/2022,"3 bds3 ba2,092 sqft",KELLER WILLIAMS OF CENTRAL PA
451,"19 Shillington Ln #11, Carlisle, PA 17013","$339,990",Sold 07/13/2022,"3 bds4 ba2,341 sqft",RE/MAX 1ST ADVANTAGE
452,"4 Bennington Way, Carlisle, PA 17013","$355,466",Sold 07/13/2022,"4 bds3 ba1,648 sqft",KELLER WILLIAMS OF CENTRAL PA
453,"90 Bennington Way, Carlisle, PA 17013","$368,780",Sold 07/13/2022,"4 bds3 ba1,916 sqft",KELLER WILLIAMS OF CENTRAL PA
454,"25 Skip Ln, Carlisle, PA 17013","$239,900",Sold 07/13/2022,"3 bds3 ba1,738 sqft","BUILDER REALTY, LLC"
455,"706 N West St, Carlisle, PA 17013","$290,000",Sold 07/12/2022,"6 bds-- ba2,206 sqft",COLDWELL BANKER REALTY
456,"3420 Spring Rd, Carlisle, PA 17013","$109,800",Sold 07/12/2022,"2 bds1 ba1,008 sqft","RSR, REALTORS, LLC"
457,"158 E High St, Carlisle, PA 17013","$160,000",Sold 07/11/2022,"3 bds1 ba1,072 sqft","STERLING PROPERTY MANAGEMENT, INC.."
458,"262 Walnut St, Carlisle, PA 17013","$425,000",Sold 07/11/2022,"4 bds2.5 ba2,500 sqft",
459,"1710 Douglas Dr, Carlisle, PA 17013","$246,000",Sold 07/11/2022,"3 bds2 ba1,540 sqft",WOLFE & COMPANY REALTORS
460,"263 Walnut St, Carlisle, PA 17013","$317,500",Sold 07/08/2022,"3 bds2 ba2,614 sqft",KELLER WILLIAMS OF CENTRAL PA
461,"519 Biddle Dr, Carlisle, PA 17013","$359,900",Sold 07/08/2022,"3 bds3 ba2,230 sqft",NON SUBSCRIBING OFFICE
462,"54 Strayer Dr, Carlisle, PA 17013","$528,000",Sold 07/08/2022,"4 bds4 ba3,080 sqft",COLDWELL BANKER REALTY
463,"130 Lehman Dr, Carlisle, PA 17013","$300,000",Sold 07/08/2022,"2 bds2 ba1,618 sqft",KELLER WILLIAMS OF CENTRAL PA
464,"30 Conifer Ridge Dr, Carlisle, PA 17013","$570,000",Sold 07/08/2022,"4 bds6 ba4,627 sqft",COLDWELL BANKER REALTY
465,"345 Graham St, Carlisle, PA 17013","$282,000",Sold 07/07/2022,"4 bds2.5 ba1,978 sqft",
466,"27 Walnut St, Carlisle, PA 17013","$200,000",Sold 07/06/2022,"3 bds1 ba1,275 sqft",
467,"516 N West St, Carlisle, PA 17013","$55,000",Sold 07/06/2022,"3 bds1 ba2,244 sqft",
468,"1881 Esther Dr, Carlisle, PA 17013","$185,000",Sold 07/06/2022,"3 bds2 ba1,296 sqft",KELLER WILLIAMS OF CENTRAL PA
469,"H Crest Vw, Carlisle, PA 17013","$240,000",Sold 07/06/2022,-- bds-- ba-- sqft,
470,"934 W North St #66, Carlisle, PA 17013","$349,135",Sold 07/06/2022,"3 bds3 ba1,819 sqft",RE/MAX 1ST ADVANTAGE
471,"57 Longs Gap Rd, Carlisle, PA 17013","$290,000",Sold 07/05/2022,"5 bds3 ba1,840 sqft",
472,"5 Middleton Ave, Carlisle, PA 17013","$220,000",Sold 07/05/2022,2 bds1 ba988 sqft,
473,"4 Strawberry Dr, Carlisle, PA 17013","$187,500",Sold 07/05/2022,"2 bds2 ba1,080 sqft",
474,"70 Moongale Dr, Carlisle, PA 17013","$303,000",Sold 07/01/2022,"4 bds3 ba2,100 sqft","WEICHERT, REALTORS-FIRST CHOICE"
475,"22 Meade Dr, Carlisle, PA 17013","$432,100",Sold 07/01/2022,"4 bds4 ba2,455 sqft",WOLFE & COMPANY REALTORS
476,"236 Graham St, Carlisle, PA 17013","$302,500",Sold 06/30/2022,"3 bds2 ba1,552 sqft",IRON VALLEY REAL ESTATE OF CENTRAL PA
477,"210 S College St, Carlisle, PA 17013","$500,000",Sold 06/30/2022,"4 bds3 ba3,200 sqft",IRON VALLEY REAL ESTATE OF CENTRAL PA
478,"788 W South St, Carlisle, PA 17013","$400,000",Sold 06/30/2022,"4 bds3 ba1,860 sqft",HOWARD HANNA COMPANY-CARLISLE
479,"417 S College St, Carlisle, PA 17013","$389,900",Sold 06/30/2022,"3 bds2 ba1,944 sqft",KELLER WILLIAMS OF CENTRAL PA
480,"15 Sussex Dr, Carlisle, PA 17013","$308,000",Sold 06/30/2022,"3 bds2 ba1,788 sqft",BERKSHIRE HATHAWAY HOMESERVICES HOMESALE REALTY
481,"1024 Northfield Dr, Carlisle, PA 17013","$151,000",Sold 06/30/2022,"3 bds2 ba1,550 sqft",
482,"456 C St, Carlisle, PA 17013","$320,000",Sold 06/30/2022,"3 bds2 ba1,407 sqft","JOY DANIELS REAL ESTATE GROUP, LTD"
483,"220 B St, Carlisle, PA 17013","$189,000",Sold 06/30/2022,"3 bds2 ba1,386 sqft",TURN KEY REALTY GROUP
484,"462 Fairground Ave, Carlisle, PA 17013","$123,000",Sold 06/30/2022,"2 bds1 ba1,020 sqft",HOME365
485,"12 Country Side Dr, Newville, PA 17013","$539,000",Sold 06/30/2022,"4 bds4 ba4,040 sqft",KELLER WILLIAMS KEYSTONE REALTY
486,"108 Mountain Dr, Carlisle, PA 17013","$505,900",Sold 06/30/2022,"4 bds3 ba2,694 sqft",TODAY'S REALTY
487,"Downing St, Carlisle, PA 17013","$317,500",Sold 06/30/2022,24.45 acres lot,UNITED REAL ESTATE-CENTRAL PA
488,"Waggoners Gap Rd, Carlisle, PA 17013","$160,000",Sold 06/30/2022,18.85 acres lot,HOWARD HANNA COMPANY-CARLISLE
489,"37 E Ridge St, Carlisle, PA 17013","$262,000",Sold 06/29/2022,"4 bds2 ba2,272 sqft",BERKSHIRE HATHAWAY HOMESERVICES HOMESALE REALTY
490,"338 W Penn St, Carlisle, PA 17013","$175,000",Sold 06/29/2022,2 bds1 ba984 sqft,BERKSHIRE HATHAWAY HOMESERVICES HOMESALE REALTY
491,"707 Appalachian Ave, Carlisle, PA 17013","$480,000",Sold 06/29/2022,"4 bds3 ba2,551 sqft","EXP REALTY, LLC"
492,"39 Skip Ln, Carlisle, PA 17013","$239,900",Sold 06/29/2022,"3 bds3 ba1,738 sqft","BUILDER REALTY, LLC"
493,"29 Skip Ln, Carlisle, PA 17013","$239,900",Sold 06/29/2022,"3 bds3 ba1,738 sqft","BUILDER REALTY, LLC"
494,"125 W Louther St, Carlisle, PA 17013","$182,000",Sold 06/28/2022,"4 bds2 ba2,455 sqft",
495,"61 H St, Carlisle, PA 17013","$240,000",Sold 06/28/2022,"4 bds2 ba1,544 sqft",
496,"326 W Penn St, Carlisle, PA 17013","$50,000",Sold 06/27/2022,3 bds1 ba864 sqft,
497,"1907 Sterretts Gap Ave, Carlisle, PA 17013","$245,000",Sold 06/27/2022,"3 bds1 ba1,176 sqft",
498,"200 Marion Ave #A, Carlisle, PA 17013","$166,000",Sold 06/27/2022,"3 bds1.5 ba1,386 sqft",
499,"442 W Penn St, Carlisle, PA 17013","$170,000",Sold 06/24/2022,"3 bds1 ba1,109 sqft",
500,"104 Partridge Cir, Carlisle, PA 17013","$191,000",Sold 06/24/2022,"2 bds3 ba1,328 sqft",CENTURY 21 REALTY SERVICES
501,"208 E Hillcrest Dr, Carlisle, PA 17013","$290,000",Sold 06/24/2022,"3 bds3 ba1,440 sqft",
502,"5 Crown Vw, Carlisle, PA 17013","$410,000",Sold 06/24/2022,"4 bds3 ba2,378 sqft",BERKSHIRE HATHAWAY HOMESERVICES HOMESALE REALTY
503,"63 Longstreet Dr, Carlisle, PA 17013","$420,000",Sold 06/24/2022,"4 bds3 ba2,184 sqft",
504,"300 Wagner Dr, Carlisle, PA 17013","$290,000",Sold 06/23/2022,"3 bds1 ba1,728 sqft",IRON VALLEY REAL ESTATE OF CENTRAL PA
505,"128 S Hanover St, Carlisle, PA 17013","$286,000",Sold 06/23/2022,"4 bds-- ba2,614 sqft",COLDWELL BANKER REALTY
506,"1019 N College St, Carlisle, PA 17013","$226,000",Sold 06/22/2022,"3 bds1 ba1,109 sqft",COLDWELL BANKER REALTY
507,"21 N Middleton Rd, Carlisle, PA 17013","$130,000",Sold 06/22/2022,2 bds1 ba800 sqft,IRON VALLEY REAL ESTATE OF CENTRAL PA
508,"1208 Pheasant Dr S, Carlisle, PA 17013","$120,000",Sold 06/22/2022,"3 bds2.5 ba1,320 sqft",
509,"1536 Longs Gap Rd, Carlisle, PA 17013","$235,000",Sold 06/21/2022,"3 bds3 ba1,941 sqft",IRON VALLEY REAL ESTATE OF CENTRAL PA
510,"735 Sherwood Dr, Carlisle, PA 17013","$349,900",Sold 06/20/2022,"4 bds3 ba2,288 sqft",KELLER WILLIAMS REALTY
511,"7 Hidden Noll Rd, Carlisle, PA 17013","$37,500",Sold 06/20/2022,"3 bds2 ba1,120 sqft",IRON VALLEY REAL ESTATE OF CENTRAL PA
512,"39 N East St, Carlisle, PA 17013","$121,000",Sold 06/17/2022,"3 bds1 ba1,136 sqft",
513,"137 Partridge Cir, Carlisle, PA 17013","$200,000",Sold 06/17/2022,"3 bds3 ba1,898 sqft",
514,"1104 Pheasant Dr N, Carlisle, PA 17013","$182,000",Sold 06/17/2022,"3 bds3 ba1,942 sqft",BERKSHIRE HATHAWAY HOMESERVICES HOMESALE REALTY
515,"88 Courtyard Dr, Carlisle, PA 17013","$155,000",Sold 06/17/2022,"2 bds2 ba1,232 sqft",COLDWELL BANKER REALTY
516,"118 White Deer Way, Carlisle, PA 17013","$491,000",Sold 06/17/2022,"3 bds3 ba3,471 sqft",BERKSHIRE HATHAWAY HOMESERVICES HOMESALE REALTY
517,"2 Shillington Ln #42, Carlisle, PA 17013","$357,502",Sold 06/17/2022,"3 bds2 ba1,649 sqft",RE/MAX 1ST ADVANTAGE
518,"3 Shillington Ln, Carlisle, PA 17013","$374,990",Sold 06/17/2022,"3 bds3 ba1,781 sqft",RE/MAX 1ST ADVANTAGE
519,"256 W Pomfret St, Carlisle, PA 17013","$200,000",Sold 06/16/2022,"3 bds1.5 ba1,240 sqft",
520,"517 N Pitt St, Carlisle, PA 17013","$130,000",Sold 06/16/2022,"4 bds1 ba1,290 sqft",BERKSHIRE HATHAWAY HOMESERVICES HOMESALE REALTY
521,"H &n West St, Carlisle, PA 17013","$240,000",Sold 06/16/2022,3.55 acres lot,BERKSHIRE HATHAWAY HOMESERVICES HOMESALE REALTY
522,"233 Graham St, Carlisle, PA 17013","$227,000",Sold 06/15/2022,"2 bds2 ba1,454 sqft",IRON VALLEY REAL ESTATE OF CENTRAL PA
523,"123 Walnut St, Carlisle, PA 17013","$170,000",Sold 06/15/2022,"3 bds1 ba1,408 sqft",
524,"1878 Mary Ln, Carlisle, PA 17013","$295,000",Sold 06/15/2022,"3 bds3 ba2,472 sqft",WOLFE & COMPANY REALTORS
525,"1830 Mary Ln, Carlisle, PA 17013","$200,000",Sold 06/15/2022,"3 bds2 ba1,320 sqft",HOWARD HANNA COMPANY-CAMP HILL
526,"17 Shillington Ln #10, Carlisle, PA 17013","$341,695",Sold 06/15/2022,"3 bds4 ba2,282 sqft",RE/MAX 1ST ADVANTAGE
527,"161 E Louther St, Carlisle, PA 17013","$80,000",Sold 06/14/2022,"2 bds1 ba1,064 sqft",
528,"1907 Spring Rd, Carlisle, PA 17013","$210,000",Sold 06/14/2022,"3 bds1 ba1,124 sqft",
529,"158 Marbeth Ave, Carlisle, PA 17013","$175,000",Sold 06/14/2022,"2 bds2 ba1,116 sqft",CENTURY 21 A BETTER WAY
530,"519 N Bedford St, Carlisle, PA 17013","$185,000",Sold 06/13/2022,"3 bds2 ba1,469 sqft",CENTURY 21 A BETTER WAY
531,"169 W North St, Carlisle, PA 17013","$157,000",Sold 06/13/2022,"3 bds1 ba1,408 sqft","STERLING PROPERTY MANAGEMENT, INC.."
532,"931 N Middleton Rd, Carlisle, PA 17013","$71,000",Sold 06/13/2022,"3 bds2 ba1,782 sqft",
533,"1884 Douglas Dr, Carlisle, PA 17013","$245,000",Sold 06/10/2022,"3 bds2 ba1,232 sqft",BERKSHIRE HATHAWAY HOMESERVICES HOMESALE REALTY
534,"115 Airport Dr, Carlisle, PA 17013","$215,000",Sold 06/10/2022,"3 bds1 ba1,384 sqft",KELLER WILLIAMS OF CENTRAL PA
535,"11 Gap Vw, Carlisle, PA 17013","$319,500",Sold 06/10/2022,"2 bds2 ba1,776 sqft",HOWARD HANNA COMPANY-CARLISLE
536,"5 Shillington Ln, Carlisle, PA 17013","$365,326",Sold 06/10/2022,"2 bds2 ba1,649 sqft",RE/MAX 1ST ADVANTAGE
537,"23 E Louther St, Carlisle, PA 17013","$150,000",Sold 06/09/2022,"3 bds2 ba2,056 sqft",BERKSHIRE HATHAWAY HOMESERVICES HOMESALE REALTY
538,"914 Harrisburg Pike, Carlisle, PA 17013","$330,000",Sold 06/09/2022,"4 bds3 ba2,277 sqft","RE/MAX DELTA GROUP, INC."
539,"23 Country Side Dr, Carlisle, PA 17013","$608,990",Sold 06/09/2022,"4 bds3 ba3,009 sqft",GARMAN HOME SALES LLC
540,"2 Cheltenham Ln, Carlisle, PA 17013","$90,459",Sold 06/08/2022,"3 bds2.5 ba1,348 sqft",
541,"267 S College St, Carlisle, PA 17013","$560,000",Sold 06/07/2022,"3 bds2.5 ba2,521 sqft",
542,"401 S Pitt St, Carlisle, PA 17013","$195,900",Sold 06/07/2022,"2 bds1 ba1,161 sqft","STERLING PROPERTY MANAGEMENT, INC.."
543,"525 W South St, Carlisle, PA 17013","$385,000",Sold 06/06/2022,"3 bds2 ba1,758 sqft",KELLER WILLIAMS OF CENTRAL PA
544,"424 S Pitt St, Carlisle, PA 17013","$181,400",Sold 06/03/2022,"3 bds2 ba1,360 sqft",BERKSHIRE HATHAWAY HOMESERVICES HOMESALE REALTY
545,"831 Newville Rd, Carlisle, PA 17013","$269,200",Sold 06/03/2022,"3 bds2 ba2,088 sqft",
546,"1211 White Birch Ln, Carlisle, PA 17013","$580,000",Sold 06/03/2022,"5 bds4 ba4,100 sqft",IRON VALLEY REAL ESTATE OF CENTRAL PA
547,"323 Pelham Ct, Carlisle, PA 17013","$205,000",Sold 06/03/2022,"2 bds2 ba1,209 sqft",
548,"125 Elm St, Carlisle, PA 17013","$225,000",Sold 06/02/2022,"5 bds2 ba2,334 sqft",KELLER WILLIAMS OF CENTRAL PA
549,"1837 Spring Rd, Carlisle, PA 17013","$188,000",Sold 06/02/2022,"2 bds1 ba1,239 sqft",
550,"18 Coral Dr, Carlisle, PA 17013","$16,500",Sold 06/01/2022,2 bds2 ba924 sqft,HOWARD HANNA REAL ESTATE SERVICES - LANCASTER
551,"511 Biddle Dr, Carlisle, PA 17013","$499,000",Sold 06/01/2022,"4 bds3 ba3,338 sqft",KELLER WILLIAMS OF CENTRAL PA
552,"511 Biddle Dr, Carlisle, PA 17013","$499,000",Sold 06/01/2022,0.29 acres lot,
553,"40 W South St, Carlisle, PA 17013","$175,000",Sold 05/31/2022,"5 bds2 ba1,416 sqft",RE/MAX 1ST ADVANTAGE
554,"16 Hope Ter, Carlisle, PA 17013","$268,000",Sold 05/31/2022,"3 bds3 ba1,962 sqft",RE/MAX 1ST ADVANTAGE
555,"14 Otto Ave, Carlisle, PA 17013","$225,000",Sold 05/31/2022,"3 bds1 ba1,392 sqft",COLDWELL BANKER REALTY
556,"80 Bennington Way, Carlisle, PA 17013","$354,805",Sold 05/31/2022,"4 bds3 ba1,911 sqft",KELLER WILLIAMS OF CENTRAL PA
557,"223 Conway St, Carlisle, PA 17013","$475,000",Sold 05/27/2022,"3 bds2 ba3,234 sqft",KELLER WILLIAMS OF CENTRAL PA
558,"57 Media Rd, Carlisle, PA 17013","$190,000",Sold 05/27/2022,2 bds1 ba912 sqft,COLDWELL BANKER REALTY
559,"1024 N West St, Carlisle, PA 17013","$192,000",Sold 05/27/2022,"3 bds2 ba1,504 sqft",WOLFE & COMPANY REALTORS
560,"60 Gordon Dr, Carlisle, PA 17013","$88,000",On market Apr 5,"2 bds1 ba1,160 sqft",COUNTRY HOME REAL ESTATE
561,"1935 Spring Rd, Carlisle, PA 17013","$195,000",Sold 05/27/2022,"3 bds2 ba1,644 sqft",
562,"932 W North St #67, Carlisle, PA 17013","$325,500",Sold 05/27/2022,"3 bds2 ba1,649 sqft",RE/MAX 1ST ADVANTAGE
563,"19 Bayberry Rd, Carlisle, PA 17013","$550,000",Sold 05/27/2022,"5 bds3 ba2,502 sqft",KELLER WILLIAMS OF CENTRAL PA
564,"210 Candlelite Dr, Carlisle, PA 17013","$303,000",Sold 05/26/2022,"3 bds3 ba2,572 sqft",HOWARD HANNA COMPANY-CARLISLE
565,"416 S Hanover St, Carlisle, PA 17013","$230,000",Sold 05/25/2022,"5 bds3 ba2,542 sqft",COLDWELL BANKER REALTY
566,"335 W Penn St, Carlisle, PA 17013","$138,000",Sold 05/25/2022,"3 bds1 ba1,425 sqft",
567,"43 F St, Carlisle, PA 17013","$230,000",Sold 05/25/2022,"3 bds2 ba1,304 sqft",BERKSHIRE HATHAWAY HOMESERVICES HOMESALE REALTY
568,"89 Bennington Way, Carlisle, PA 17013","$386,426",Sold 05/25/2022,"4 bds3 ba1,916 sqft",KELLER WILLIAMS OF CENTRAL PA
569,"271 W South St, Carlisle, PA 17013","$700,000",Sold 05/24/2022,"6 bds4 ba4,968 sqft",KELLER WILLIAMS OF CENTRAL PA
570,"252 West Vw, Carlisle, PA 17013","$385,000",Sold 05/24/2022,"3 bds3.5 ba2,533 sqft",
571,"120 Wynnwood Dr, Carlisle, PA 17013","$199,000",Sold 05/23/2022,"2 bds2 ba1,240 sqft",
572,"45 Courtyard Dr, Carlisle, PA 17013","$136,300",Sold 05/23/2022,"2 bds2 ba1,232 sqft","EXP REALTY, LLC"
573,"15 Shillington Ln #9, Carlisle, PA 17013","$309,990",Sold 05/23/2022,"3 bds3 ba1,760 sqft",RE/MAX 1ST ADVANTAGE
574,"31 Kerrs Ave, Carlisle, PA 17013","$71,875",Sold 05/20/2022,"3 bds2 ba1,332 sqft",
575,"221 Arch St, Carlisle, PA 17013","$90,000",Sold 05/20/2022,"1 bd1 ba1,050 sqft",
576,"20 Conway St, Carlisle, PA 17013","$427,500",Sold 05/20/2022,"3 bds3 ba2,304 sqft",
577,"630 N West St, Carlisle, PA 17013","$119,500",Sold 05/20/2022,"3 bds2 ba1,686 sqft",HOWARD HANNA COMPANY-CARLISLE
578,"100 Old Gap Rd, Carlisle, PA 17013","$250,000",Sold 05/20/2022,"3 bds2 ba1,554 sqft",HARRISBURG PROPERTY MANAGEMENT GROUP
579,"428 Eisenhower Dr, Carlisle, PA 17013","$215,000",Sold 05/20/2022,"2 bds3 ba1,756 sqft",BERKSHIRE HATHAWAY HOMESERVICES HOMESALE REALTY
580,"27 Old Coach Ln, Carlisle, PA 17013","$530,000",Sold 05/20/2022,"4 bds3 ba2,750 sqft",COLDWELL BANKER REALTY
581,"252 West View, Carlisle, PA 17013","$385,000",Sold 05/20/2022,"4 bds3 ba2,533 sqft",KELLER WILLIAMS OF CENTRAL PA
582,"59 E South St, Carlisle, PA 17013","$45,000",Sold 05/19/2022,"2 bds2 ba1,360 sqft",RE/MAX 1ST ADVANTAGE
583,"223 Arch St, Carlisle, PA 17013","$90,000",Sold 05/19/2022,"2 bds1 ba1,050 sqft",
584,"3 Bennington Way, Carlisle, PA 17013","$393,220",Sold 05/19/2022,"4 bds4 ba2,650 sqft",KELLER WILLIAMS OF CENTRAL PA
585,"226 S Pitt St, Carlisle, PA 17013","$115,000",Sold 05/18/2022,"3 bds1.5 ba1,328 sqft",
586,"254 Franklin St, Carlisle, PA 17013","$192,000",Sold 05/18/2022,"3 bds2 ba1,620 sqft",WOLFE & COMPANY REALTORS
587,"30 Garland Ct, Carlisle, PA 17013","$217,900",Sold 05/18/2022,"2 bds2 ba1,151 sqft",
588,"68 Meade Dr, Carlisle, PA 17013","$395,000",Sold 05/17/2022,"4 bds3 ba2,073 sqft",KELLER WILLIAMS OF CENTRAL PA
589,"13 Shillington Ln #8, Carlisle, PA 17013","$299,990",Sold 05/17/2022,"3 bds3 ba1,760 sqft",RE/MAX 1ST ADVANTAGE
590,"1032 W Pomfret St, Carlisle, PA 17013","$127,000",Sold 05/16/2022,"3 bds1 ba1,024 sqft",TURN KEY REALTY GROUP
591,"1027 Armstrong Rd, Carlisle, PA 17013","$435,000",Sold 05/16/2022,"4 bds3 ba3,308 sqft","RSR, REALTORS, LLC"
592,"139 N West St, Carlisle, PA 17013","$182,500",Sold 05/16/2022,"4 bds2 ba2,440 sqft",
593,"64 Faith Cir, Carlisle, PA 17013","$184,500",Sold 05/16/2022,"3 bds2 ba1,272 sqft",KELLER WILLIAMS KEYSTONE REALTY
594,"126 Darr Ave, Carlisle, PA 17013","$225,000",Sold 05/16/2022,"3 bds1 ba1,040 sqft",BERKSHIRE HATHAWAY HOMESERVICES HOMESALE REALTY
595,"34 Courtyard Dr, Carlisle, PA 17013","$157,500",Sold 05/16/2022,"2 bds1 ba1,232 sqft",LISTWITHFREEDOM.COM
596,"28 Cambridge Ct, Carlisle, PA 17013","$135,000",Sold 05/16/2022,"2 bds2 ba1,668 sqft",
597,"152 E High St, Carlisle, PA 17013","$230,000",Sold 05/13/2022,"4 bds3 ba2,660 sqft",COLDWELL BANKER REALTY
598,"89 E Ridge St, Carlisle, PA 17013","$350,000",Sold 05/13/2022,"3 bds2 ba1,831 sqft",COLDWELL BANKER REALTY
599,"229 S Pitt St, Carlisle, PA 17013","$255,000",Sold 05/13/2022,"3 bds2 ba2,112 sqft",IRON VALLEY REAL ESTATE OF CENTRAL PA
600,"1 Shover Dr, Carlisle, PA 17013","$280,000",Sold 05/13/2022,"4 bds4 ba1,923 sqft","EXP REALTY, LLC"
601,"1515 Terrace Ave, Carlisle, PA 17013","$255,900",Sold 05/13/2022,"3 bds2 ba1,790 sqft",BERKSHIRE HATHAWAY HOMESERVICES HOMESALE REALTY
602,"1314 Woodward Dr, Carlisle, PA 17013","$342,500",Sold 05/13/2022,"4 bds3 ba2,429 sqft",KELLER WILLIAMS OF CENTRAL PA
603,"36 Strayer Dr, Carlisle, PA 17013","$220,000",Sold 05/13/2022,"3 bds3 ba1,433 sqft",BERKSHIRE HATHAWAY HOMESERVICES HOMESALE REALTY
604,"233 Clearview Dr, Carlisle, PA 17013","$360,000",Sold 05/13/2022,"4 bds3 ba1,615 sqft",COLDWELL BANKER REALTY
605,"123 Oriole Dr, Carlisle, PA 17013","$100,000",Sold 05/13/2022,"3 bds2 ba1,326 sqft",STRAUB & ASSOCIATES REAL ESTATE
606,"9 Over Vw, Carlisle, PA 17013","$485,000",Sold 05/13/2022,"4 bds3 ba3,000 sqft",KELLER WILLIAMS OF CENTRAL PA
607,"1121 N Pitt St, Carlisle, PA 17013","$100,000",Sold 05/12/2022,-- bds-- ba570 sqft,
608,"130 Imperial Ct, Carlisle, PA 17013","$158,500",Sold 05/12/2022,"3 bds2 ba1,137 sqft",COLDWELL BANKER REALTY
609,"1206 Forge Rd, Carlisle, PA 17013","$224,900",Sold 05/12/2022,"2 bds1 ba1,040 sqft",BERKSHIRE HATHAWAY HOMESERVICES HOMESALE REALTY
610,"G Crest Vw, Carlisle, PA 17013","$100,000",Sold 05/12/2022,-- bds-- ba-- sqft,
611,"420 N East St, Carlisle, PA 17013","$93,000",Sold 05/10/2022,"2 bds1 ba1,191 sqft",
612,"140 S Pitt St, Carlisle, PA 17013","$295,000",Sold 05/10/2022,"3 bds3 ba1,824 sqft",
613,"154 N West St, Carlisle, PA 17013","$297,000",Sold 05/10/2022,"2 bds1.5 ba1,180 sqft",
614,"156 N West St, Carlisle, PA 17013","$297,000",Sold 05/10/2022,2 bds1 ba700 sqft,
615,"158 N West St, Carlisle, PA 17013","$297,000",Sold 05/10/2022,3 bds1 ba675 sqft,
616,"1890 Mary Ln, Carlisle, PA 17013","$250,000",Sold 05/10/2022,"4 bds3 ba1,768 sqft",IRON VALLEY REAL ESTATE OF CENTRAL PA
617,"17 Princeton Dr, Carlisle, PA 17013","$331,650",Sold 05/10/2022,"3 bds3 ba1,853 sqft",IRON VALLEY REAL ESTATE OF CENTRAL PA
618,"LOT 39 Elizabeth Way, Carlisle, PA 17013","$789,750",Sold 05/10/2022,"5 bds4 ba3,466 sqft",BERKSHIRE HATHAWAY HOMESERVICES HOMESALE REALTY
619,"813 Factory St, Carlisle, PA 17013","$129,100",Sold 05/09/2022,3 bds1 ba962 sqft,MYRTLE & MAIN REALTY
620,"211 York Rd, Carlisle, PA 17013","$160,000",Sold 05/09/2022,"3 bds2 ba1,501 sqft",HOWARD HANNA COMPANY-CARLISLE
621,"E Baltimore St, Carlisle, PA 17013","$50,000",Sold 05/08/2022,0.34 acres lot,CENTURY 21 A BETTER WAY
622,"141 E Penn St, Carlisle, PA 17013","$175,000",Sold 05/06/2022,"3 bds2 ba1,387 sqft",NON SUBSCRIBING OFFICE
623,"716 Sherwood Dr, Carlisle, PA 17013","$393,000",Sold 05/06/2022,"4 bds3 ba2,596 sqft",KELLER WILLIAMS OF CENTRAL PA
624,"39 Courtyard Dr, Carlisle, PA 17013","$160,000",Sold 05/06/2022,"2 bds2 ba1,232 sqft",COLDWELL BANKER REALTY
625,"180 Regal Vw, Carlisle, PA 17013","$393,000",Sold 05/06/2022,"4 bds3 ba2,089 sqft",RE/MAX REALTY PROFESSIONALS
626,"412 W South St, Carlisle, PA 17013","$520,000",Sold 05/05/2022,"4 bds1 ba1,643 sqft",
627,"1005 Drayer Ct, Carlisle, PA 17013","$550,000",Sold 05/05/2022,"4 bds3 ba3,486 sqft",WOLFE & COMPANY REALTORS
628,"801 N College St, Carlisle, PA 17013","$226,500",Sold 05/05/2022,"3 bds2 ba1,512 sqft",BERKSHIRE HATHAWAY HOMESERVICES HOMESALE REALTY
629,"36 Ridge Ave, Carlisle, PA 17013","$291,000",Sold 05/04/2022,"2 bds3 ba1,654 sqft",BERKSHIRE HATHAWAY HOMESERVICES HOMESALE REALTY
630,"105 Mountain Dr, Carlisle, PA 17013","$549,900",Sold 05/03/2022,"4 bds3 ba2,820 sqft",IRON VALLEY REAL ESTATE OF CENTRAL PA
631,"225 Belvedere St, Carlisle, PA 17013","$425,000",Sold 05/02/2022,"3 bds2 ba4,002 sqft",RE/MAX 1ST ADVANTAGE
632,"1111 N West St, Carlisle, PA 17013","$170,000",Sold 05/02/2022,"3 bds3 ba1,796 sqft",BERKSHIRE HATHAWAY HOMESERVICES HOMESALE REALTY
633,"164 Pennsylvania Ave, Carlisle, PA 17013","$222,800",Sold 05/02/2022,"3 bds2 ba1,728 sqft",
634,"1 Strawberry Dr, Carlisle, PA 17013","$200,000",Sold 05/02/2022,"2 bds2 ba1,410 sqft",NON SUBSCRIBING OFFICE
635,"82 Longstreet Dr, Carlisle, PA 17013","$398,000",Sold 05/02/2022,"4 bds4 ba2,048 sqft",
636,"133 Lehman Dr, Carlisle, PA 17013","$262,000",Sold 05/02/2022,"2 bds2 ba1,473 sqft",COLDWELL BANKER REALTY
637,"5 Bennington Way, Carlisle, PA 17013","$436,673",Sold 05/02/2022,"4 bds4 ba2,900 sqft",KELLER WILLIAMS OF CENTRAL PA
638,"259 E Louther St, Carlisle, PA 17013","$175,000",Sold 04/29/2022,"3 bds1 ba1,258 sqft",KELLER WILLIAMS OF CENTRAL PA
639,"149 E Louther St, Carlisle, PA 17013","$125,000",Sold 04/29/2022,"2 bds2 ba1,488 sqft",RE/MAX 1ST ADVANTAGE
640,"126 E Liberty Ave, Carlisle, PA 17013","$120,000",Sold 04/29/2022,2 bds1 ba904 sqft,IRON VALLEY REAL ESTATE OF CENTRAL PA
641,"1010 Drayer Ct, Carlisle, PA 17013","$500,000",Sold 04/29/2022,"5 bds5 ba4,418 sqft",
642,"680 Cranes Gap Rd, Carlisle, PA 17013","$449,900",Sold 04/29/2022,"4 bds2 ba2,735 sqft",COLDWELL BANKER REALTY
643,"624 Mill Race Ct, Carlisle, PA 17013","$154,900",Sold 04/29/2022,"2 bds1 ba1,256 sqft","STERLING PROPERTY MANAGEMENT, INC.."
644,"16 Garland Ct, Carlisle, PA 17013","$224,000",Sold 04/29/2022,"2 bds2 ba1,572 sqft",
645,"8 Bennington Way, Carlisle, PA 17013","$379,553",Sold 04/29/2022,"4 bds4 ba2,650 sqft",KELLER WILLIAMS OF CENTRAL PA
646,"30 N Northview Dr, Carlisle, PA 17013","$58,900",Sold 04/29/2022,"3 bds2 ba1,344 sqft",COLDWELL BANKER REALTY
647,"100 H St #G, Carlisle, PA 17013","$500,000",Sold 04/29/2022,4.71 acres lot,BERKSHIRE HATHAWAY HOMESERVICES HOMESALE REALTY
648,"121 Pennsylvania Ave, Carlisle, PA 17013","$216,000",Sold 04/28/2022,"3 bds1 ba1,321 sqft",
649,"18 Meeting House Spring Rd, Carlisle, PA 17013","$262,150",Sold 04/28/2022,"3 bds2 ba1,565 sqft",RE/MAX REALTY ASSOCIATES
650,"4 Northview Dr, Carlisle, PA 17013","$59,900",Sold 04/27/2022,"3 bds2 ba1,344 sqft",COLDWELL BANKER REALTY
651,"150 N West St, Carlisle, PA 17013","$91,575",Sold 04/26/2022,2 bds1 ba975 sqft,
652,"148 N East St, Carlisle, PA 17013","$68,000",Sold 04/25/2022,2 bds1 ba912 sqft,
653,"54 Longstreet Dr, Carlisle, PA 17013","$336,000",Sold 04/25/2022,"4 bds2.5 ba1,901 sqft",
654,"700 Longs Gap Rd, Carlisle, PA 17013","$310,000",Sold 04/25/2022,"3 bds1 ba1,282 sqft",TAMANINI REALTY
655,"1402 Bradley Dr #A-312, Carlisle, PA 17013","$62,600",Sold 04/25/2022,1 bd1 ba681 sqft,
656,"9 Hill Dr, Carlisle, PA 17013","$251,000",Sold 04/22/2022,"3 bds2 ba1,368 sqft",KELLER WILLIAMS OF CENTRAL PA
657,"51 Strawberry Dr, Carlisle, PA 17013","$198,000",Sold 04/22/2022,"3 bds2 ba1,476 sqft",
658,"12 Bennington Way, Carlisle, PA 17013","$354,972",Sold 04/22/2022,"4 bds3 ba1,911 sqft",KELLER WILLIAMS OF CENTRAL PA
659,"11 Bennington Way, Carlisle, PA 17013","$346,520",Sold 04/22/2022,"4 bds3 ba1,911 sqft",KELLER WILLIAMS OF CENTRAL PA
660,"255 S Pitt St, Carlisle, PA 17013","$145,000",Sold 04/21/2022,"2 bds1.5 ba1,050 sqft",
661,"1055 Hill Pl, Carlisle, PA 17013","$249,750",Sold 04/21/2022,"3 bds2 ba1,522 sqft",COLDWELL BANKER REALTY
662,"135 Lakeview Dr, Carlisle, PA 17013","$200,000",Sold 04/21/2022,"3 bds1 ba1,040 sqft",
663,"237 Allen Rd, Carlisle, PA 17013","$175,750",Sold 04/21/2022,"3 bds1 ba1,268 sqft",AMERICAN EAGLE REALTY
664,"148 E Chapel Ave, Carlisle, PA 17013","$130,000",Sold 04/20/2022,"3 bds2 ba1,296 sqft",COLDWELL BANKER REALTY
665,"104 Tower Cir, Carlisle, PA 17013","$25,000",Sold 04/16/2022,"3 bds2 ba1,120 sqft",IRON VALLEY REAL ESTATE OF CHAMBERSBURG
666,"421 N Hanover St, Carlisle, PA 17013","$175,500",Sold 04/15/2022,"3 bds2 ba1,687 sqft",IRON VALLEY REAL ESTATE OF CENTRAL PA
667,"10 G St, Carlisle, PA 17013","$206,500",Sold 04/15/2022,"3 bds1 ba1,276 sqft",BERKSHIRE HATHAWAY HOMESERVICES HOMESALE REALTY
668,"1422 Bradley Dr #C-213, Carlisle, PA 17013","$80,000",Sold 04/14/2022,2 bds2 ba944 sqft,
669,"1321 Enola Rd, Carlisle, PA 17013","$356,000",Sold 04/14/2022,"4 bds2 ba2,800 sqft",BERKSHIRE HATHAWAY HOMESERVICES HOMESALE REALTY
670,"200 Meadow Blvd, Carlisle, PA 17013","$242,500",Sold 04/13/2022,"3 bds2 ba1,731 sqft",KELLER WILLIAMS OF CENTRAL PA
671,"265 Pine Creek Dr, Carlisle, PA 17013","$580,000",Sold 04/13/2022,"4 bds4 ba5,389 sqft",IRON VALLEY REAL ESTATE OF CENTRAL PA
672,"149 Lincoln St, Carlisle, PA 17013","$157,875",Sold 04/12/2022,2 bds1 ba767 sqft,
673,"37 N East St, Carlisle, PA 17013","$114,000",Sold 04/08/2022,"3 bds1 ba1,136 sqft",
674,"308 E Louther St, Carlisle, PA 17013","$140,000",Sold 04/08/2022,"3 bds2 ba2,140 sqft",
675,"629 Belvedere St, Carlisle, PA 17013","$480,000",Sold 04/08/2022,"5 bds4 ba4,964 sqft",KELLER WILLIAMS OF CENTRAL PA
676,"3090 Spring Rd, Carlisle, PA 17013","$272,000",Sold 04/08/2022,"3 bds2 ba1,248 sqft",COLDWELL BANKER REALTY
677,"427 Eisenhower Dr, Carlisle, PA 17013","$225,000",Sold 04/08/2022,"3 bds3 ba1,872 sqft",BERKSHIRE HATHAWAY HOMESERVICES HOMESALE REALTY
678,"203 Sable Dr, Carlisle, PA 17013","$184,900",Sold 04/08/2022,"3 bds3 ba1,344 sqft",
679,"229 Mooreland Ave, Carlisle, PA 17013","$245,000",Sold 04/07/2022,"3 bds2 ba1,827 sqft",
680,"628 W Louther St, Carlisle, PA 17013","$226,000",Sold 04/07/2022,"3 bds2 ba1,250 sqft",HOWARD HANNA COMPANY-CARLISLE
681,"102 Mountain Rd, Carlisle, PA 17013","$440,000",Sold 04/07/2022,"4 bds3 ba2,207 sqft",TODAY'S REALTY
682,"138 Elm St, Carlisle, PA 17013","$130,000",Sold 04/06/2022,"4 bds1.5 ba1,232 sqft",
683,"1153 Pheasant Dr N, Carlisle, PA 17013","$179,000",Sold 04/06/2022,"3 bds3 ba1,242 sqft","RIGHT MOVE REALTY, LLC"
684,"83 Channel Dr, Carlisle, PA 17013","$230,000",Sold 04/06/2022,"3 bds2 ba1,721 sqft","JOY DANIELS REAL ESTATE GROUP, LTD"
685,"527 Garland Dr, Carlisle, PA 17013","$50,000",Sold 04/05/2022,"3 bds2.5 ba2,378 sqft",
686,"24 Court Ln, Carlisle, PA 17013","$190,000",Sold 04/05/2022,"3 bds3 ba1,640 sqft",IRON VALLEY REAL ESTATE OF CENTRAL PA
687,"504 Falcon Dr, Carlisle, PA 17013","$125,000",Sold 04/05/2022,"2 bds2 ba1,810 sqft","JOY DANIELS REAL ESTATE GROUP, LTD"
688,"115 S East St, Carlisle, PA 17013","$122,000",Sold 04/04/2022,"2 bds1 ba1,204 sqft",BERKSHIRE HATHAWAY HOMESERVICES HOMESALE REALTY
689,"134 Church Ave, Carlisle, PA 17013","$110,000",Sold 04/04/2022,2 bds1 ba920 sqft,
690,"146 S Pitt St, Carlisle, PA 17013","$175,000",Sold 04/04/2022,"-- bds-- ba1,620 sqft",
691,"326 W South St, Carlisle, PA 17013","$231,600",Sold 04/04/2022,"3 bds1.5 ba1,557 sqft",
692,"212 S Hanover St, Carlisle, PA 17013","$225,000",Sold 04/01/2022,"4 bds2 ba2,049 sqft",
693,"627 Glendale St, Carlisle, PA 17013","$340,000",Sold 04/01/2022,"4 bds2 ba1,780 sqft",
694,"507 B St, Carlisle, PA 17013","$135,000",Sold 04/01/2022,"2 bds2 ba1,160 sqft",BERKSHIRE HATHAWAY HOMESERVICES HOMESALE REALTY
695,"527 Hamilton St, Carlisle, PA 17013","$127,400",Sold 04/01/2022,"3 bds1 ba1,476 sqft",IRON VALLEY REAL ESTATE OF CENTRAL PA
696,"945 Cavalry St, Carlisle, PA 17013","$205,000",Sold 04/01/2022,"3 bds1 ba1,564 sqft",CENTURY 21 A BETTER WAY
697,"227 S Pitt St, Carlisle, PA 17013","$205,000",Sold 03/31/2022,"3 bds2 ba1,958 sqft",TURN KEY REALTY GROUP
698,"55 William Dr, Carlisle, PA 17013","$290,000",Sold 03/31/2022,"3 bds3 ba1,942 sqft",COLDWELL BANKER REALTY
699,"153 N West St, Carlisle, PA 17013","$91,575",Sold 03/31/2022,2 bds1 ba992 sqft,
700,"3 Partridge Cir, Carlisle, PA 17013","$161,000",Sold 03/31/2022,"2 bds3 ba1,280 sqft",LISTWITHFREEDOM.COM
701,"178 Virginia Ave, Carlisle, PA 17013","$155,000",Sold 03/31/2022,"3 bds2 ba1,320 sqft","RIGHT MOVE REALTY, LLC"
702,"215 Cavalry Rd, Carlisle, PA 17013","$270,000",Sold 03/31/2022,"4 bds3 ba1,638 sqft","EXP REALTY, LLC"
703,"439 Mill Race Rd, Carlisle, PA 17013","$158,300",Sold 03/31/2022,"2 bds2 ba1,057 sqft",COLDWELL BANKER REALTY
704,"163 N West St, Carlisle, PA 17013","$172,500",Sold 03/30/2022,"4 bds1 ba1,728 sqft",
705,"23 Northview Dr, Carlisle, PA 17013","$79,000",Sold 03/30/2022,"3 bds2 ba1,456 sqft",CENTURY 21 A BETTER WAY
706,"619 Mill Race Ct, Carlisle, PA 17013","$138,000",Sold 03/30/2022,"2 bds2 ba1,256 sqft",
707,"S Pitt St, Carlisle, PA 17013","$87,500",Sold 03/29/2022,1.07 acres lot,KELLER WILLIAMS OF CENTRAL PA
708,"157 E South St, Carlisle, PA 17013","$175,000",Sold 03/28/2022,"3 bds2 ba1,100 sqft",
709,"227 W South St, Carlisle, PA 17013","$190,000",Sold 03/28/2022,"3 bds2 ba1,292 sqft",
710,"600 N Bedford St, Carlisle, PA 17013","$135,000",Sold 03/25/2022,"4 bds2 ba1,488 sqft",REAL ESTATE EXCEL
711,"605 S Spring Garden St, Carlisle, PA 17013","$221,000",Sold 03/25/2022,"3 bds2 ba1,512 sqft",IRON VALLEY REAL ESTATE OF CENTRAL PA
712,"78 Longstreet Dr, Carlisle, PA 17013","$390,000",Sold 03/25/2022,"4 bds3 ba2,012 sqft",IRON VALLEY REAL ESTATE OF CENTRAL PA
713,"10 Wilson St, Carlisle, PA 17013","$142,000",Sold 03/25/2022,"6,970 sqft lot",HOWARD HANNA COMPANY-CARLISLE
714,"257 Gibson St, Carlisle, PA 17013","$426,500",Sold 03/24/2022,"3 bds2 ba2,096 sqft",KELLER WILLIAMS OF CENTRAL PA
715,"910 W Louther St, Carlisle, PA 17013","$255,000",Sold 03/24/2022,"3 bds1 ba1,209 sqft","JOY DANIELS REAL ESTATE GROUP, LTD"
716,"1040 McClures Gap Rd, Carlisle, PA 17013","$415,000",Sold 03/24/2022,"3 bds2.5 ba2,028 sqft",
717,"181 Faith Cir, Carlisle, PA 17013","$180,000",Sold 03/23/2022,"2 bds2 ba1,232 sqft",KELLER WILLIAMS OF CENTRAL PA
718,"330 C St, Carlisle, PA 17013","$132,000",Sold 03/22/2022,"3 bds1 ba1,614 sqft",
719,"752 W South St, Carlisle, PA 17013","$535,000",Sold 03/21/2022,"4 bds3 ba2,280 sqft",KELLER WILLIAMS OF CENTRAL PA
720,"880 Reservoir Dr, Carlisle, PA 17013","$285,000",Sold 03/21/2022,"4 bds4 ba2,458 sqft",KELLER WILLIAMS OF CENTRAL PA
721,"81 Manada Creek Cir, Carlisle, PA 17013","$400,000",Sold 03/21/2022,"4 bds4 ba3,450 sqft","EXP REALTY, LLC"
722,"169 E South St, Carlisle, PA 17013","$322,500",Sold 03/18/2022,"5 bds3 ba3,206 sqft",KELLER WILLIAMS OF CENTRAL PA
723,"731 W South St, Carlisle, PA 17013","$450,000",Sold 03/18/2022,"4 bds4 ba2,688 sqft",HOWARD HANNA COMPANY-CARLISLE
724,"555 W Penn St, Carlisle, PA 17013","$175,000",Sold 03/18/2022,"2 bds1 ba1,364 sqft",IRON VALLEY REAL ESTATE OF CENTRAL PA
725,"345 W Penn St, Carlisle, PA 17013","$147,000",Sold 03/18/2022,"6 bds2.5 ba2,992 sqft",
726,"246 Pine Creek Dr, Carlisle, PA 17013","$405,000",Sold 03/18/2022,"4 bds3 ba2,614 sqft",IRON VALLEY REAL ESTATE OF CENTRAL PA
727,"177 E North St, Carlisle, PA 17013","$265,000",Sold 03/16/2022,"4 bds2 ba3,111 sqft",KELLER WILLIAMS KEYSTONE REALTY
728,"59 Faith Cir, Carlisle, PA 17013","$163,000",Sold 03/16/2022,"3 bds2 ba1,272 sqft",IRON VALLEY REAL ESTATE OF CENTRAL PA
729,"183 Faith Cir, Carlisle, PA 17013","$183,000",Sold 03/15/2022,"3 bds2 ba1,232 sqft",KELLER WILLIAMS OF CENTRAL PA
730,"308-310 E Louther St, Carlisle, PA 17013","$140,000",Sold 03/15/2022,"-- bds-- ba2,140 sqft",
731,"308-308 E Louther St #310, Carlisle, PA 17013","$140,000",Sold 03/15/2022,"4 bds-- ba2,140 sqft",BERKSHIRE HATHAWAY HOMESERVICES HOMESALE REALTY
732,"529 S Bedford St, Carlisle, PA 17013","$305,000",Sold 03/14/2022,"3 bds3 ba2,262 sqft",IRON VALLEY REAL ESTATE OF CENTRAL PA
733,"781 Longs Gap Rd, Carlisle, PA 17013","$240,000",Sold 03/14/2022,"3 bds2 ba1,200 sqft",COLDWELL BANKER REALTY
734,"11 Shillington Ln, Carlisle, PA 17013","$276,530",Sold 03/14/2022,"3 bds3 ba1,755 sqft",RE/MAX 1ST ADVANTAGE
735,"144 W North St, Carlisle, PA 17013","$70,000",Sold 03/14/2022,"1 bd3 ba3,100 sqft","SIMPLE CHOICE REALTY, INC."
736,"500 Bosler Dr, Carlisle, PA 17013","$50,000",Sold 03/14/2022,0.42 acres lot,KELLER WILLIAMS OF CENTRAL PA
737,"582 East St, Carlisle, PA 17013","$210,000",Sold 03/11/2022,"3 bds1 ba1,312 sqft",
738,"141 Faith Cir, Carlisle, PA 17013","$166,000",Sold 03/11/2022,"3 bds2 ba1,272 sqft",COLDWELL BANKER REALTY
739,"154 Marbeth Ave, Carlisle, PA 17013","$160,000",Sold 03/11/2022,"2 bds2 ba1,620 sqft",CENTURY 21 A BETTER WAY
740,"363 C St, Carlisle, PA 17013","$140,000",Sold 03/09/2022,"3 bds2.5 ba1,344 sqft",
741,"5 Spring View St, Carlisle, PA 17013","$143,100",Sold 03/09/2022,"3 bds2.5 ba1,600 sqft",
742,"9 Shillington Ln, Carlisle, PA 17013","$258,230",Sold 03/09/2022,"3 bds3 ba1,706 sqft",RE/MAX 1ST ADVANTAGE
743,"107 Oriole Dr, Carlisle, PA 17013","$110,000",Sold 03/07/2022,"3 bds2 ba1,568 sqft",HOWARD HANNA COMPANY-CARLISLE
744,"14 Douglas Ct, Carlisle, PA 17013","$296,000",Sold 03/04/2022,"4 bds2 ba2,484 sqft",WOLFE & COMPANY REALTORS
745,"3400 Spring Rd, Carlisle, PA 17013","$100,000",Sold 03/04/2022,"2 bds1 ba1,040 sqft",
746,"437 Mill Race Rd, Carlisle, PA 17013","$178,500",Sold 03/04/2022,"2 bds2 ba1,057 sqft",KELLER WILLIAMS OF CENTRAL PA
747,"28 Garland Ct, Carlisle, PA 17013","$179,900",Sold 03/04/2022,"2 bds2 ba1,220 sqft",REAL ESTATE EXCEL
748,"102 Crain Dr, Carlisle, PA 17013","$57,500",Sold 03/03/2022,"3 bds2 ba1,650 sqft",
749,"141 S Pitt St, Carlisle, PA 17013","$215,000",Sold 03/02/2022,"3 bds2 ba1,776 sqft",KELLER WILLIAMS OF CENTRAL PA
750,"297 W North St, Carlisle, PA 17013","$345,000",Sold 03/02/2022,"3 bds2 ba2,084 sqft",
751,"151 N West St, Carlisle, PA 17013","$84,900",Sold 03/01/2022,"2 bds1 ba1,120 sqft",
752,"126 E Penn St, Carlisle, PA 17013","$140,000",Sold 02/28/2022,"2 bds1 ba1,152 sqft",IRON VALLEY REAL ESTATE OF CENTRAL PA
753,"723 W North St, Carlisle, PA 17013","$150,000",Sold 02/28/2022,"4 bds2 ba1,169 sqft",CENTURY 21 A BETTER WAY
754,"152 N West St, Carlisle, PA 17013","$93,000",Sold 02/28/2022,"3 bds2 ba1,440 sqft",
755,"1750 Douglas Dr, Carlisle, PA 17013","$170,000",Sold 02/28/2022,2 bds2 ba967 sqft,HOWARD HANNA COMPANY-HARRISBURG
756,"135 E Penn St, Carlisle, PA 17013","$70,000",Sold 02/25/2022,"3 bds1 ba1,352 sqft",KELLER WILLIAMS OF CENTRAL PA
757,"407 Arch St, Carlisle, PA 17013","$165,000",Sold 02/25/2022,"3 bds2 ba1,421 sqft",BERKSHIRE HATHAWAY HOMESERVICES HOMESALE REALTY
758,"216 Marion Ave, Carlisle, PA 17013","$164,000",Sold 02/25/2022,"3 bds2 ba1,320 sqft",CENTURY 21 A BETTER WAY
759,"21 Pine St, Carlisle, PA 17013","$205,000",Sold 02/25/2022,"3 bds2 ba1,520 sqft",COLDWELL BANKER REALTY
